Best Settings Category,Category,Use Object Detection,Refresh Index,Resolution,Traffic Video,K,A,T,M,Raw Size (Bytes),Compressed Size (Bytes)
Best-OpenCV-Settings,Category-NA,False,0,120p,Traffic3,2,0.1,0.9,4,771679,346009
Best-OpenCV-Settings,Category-NA,False,0,120p,Traffic4,2,0.1,0.9,4,772620,241398
Best-OpenCV-Settings,Category-NA,False,0,120p,Traffic3,2,0.1,0.9,5,771679,347153
Best-OpenCV-Settings,Category-NA,False,0,120p,Traffic1,3,0.01,0.9,3,1113249,1099538
Best-OpenCV-Settings,Category-NA,False,0,120p,Traffic1,3,0.01,0.9,4,1113249,1043959
Best-OpenCV-Settings,Category-NA,False,0,120p,Traffic1,3,0.01,0.9,5,1113249,1035949
Best-OpenCV-Settings,Category-NA,False,0,120p,Traffic4,3,0.1,0.7,5,772620,266754
Best-OpenCV-Settings,Category-NA,False,0,120p,Traffic2,4,0.01,0.9,3,2314079,2468573
Best-OpenCV-Settings,Category-NA,False,0,120p,Traffic2,4,0.01,0.9,5,2314079,2096635
Best-OpenCV-Settings,Category-NA,False,0,120p,Traffic3,4,0.1,0.9,3,771679,421681
Best-OpenCV-Settings,Category-NA,False,0,120p,Traffic4,4,0.1,0.9,3,772620,327477
Best-OpenCV-Settings,Category-NA,False,0,120p,Traffic5,4,0.1,0.9,3,670191,500319
Best-OpenCV-Settings,Category-NA,False,0,120p,Traffic2,4,0.1,0.9,4,2314079,1484118
Best-OpenCV-Settings,Category-NA,False,0,120p,Traffic5,4,0.1,0.9,4,670191,426885
Best-OpenCV-Settings,Category-NA,False,0,120p,Traffic5,4,0.1,0.9,5,670191,421348
Best-OpenCV-Settings,Category-NA,False,0,240p,Traffic1,3,0.01,0.9,3,4026900,4054231
Best-OpenCV-Settings,Category-NA,False,0,240p,Traffic1,3,0.01,0.9,4,4026900,3961443
Best-OpenCV-Settings,Category-NA,False,0,240p,Traffic1,3,0.01,0.9,5,4026900,3887038
Best-OpenCV-Settings,Category-NA,False,0,240p,Traffic3,3,0.1,0.9,4,3734983,1733257
Best-OpenCV-Settings,Category-NA,False,0,240p,Traffic2,4,0.01,0.9,3,9326828,10625671
Best-OpenCV-Settings,Category-NA,False,0,240p,Traffic3,4,0.01,0.9,3,3734983,3765771
Best-OpenCV-Settings,Category-NA,False,0,240p,Traffic2,4,0.01,0.9,4,9326828,10005257
Best-OpenCV-Settings,Category-NA,False,0,240p,Traffic2,4,0.01,0.9,5,9326828,9535645
Best-OpenCV-Settings,Category-NA,False,0,240p,Traffic4,4,0.1,0.9,3,3603704,1814553
Best-OpenCV-Settings,Category-NA,False,0,240p,Traffic5,4,0.1,0.9,3,2681853,2181291
Best-OpenCV-Settings,Category-NA,False,0,240p,Traffic4,4,0.1,0.9,4,3603704,1225253
Best-OpenCV-Settings,Category-NA,False,0,240p,Traffic5,4,0.1,0.9,4,2681853,1627221
Best-OpenCV-Settings,Category-NA,False,0,240p,Traffic3,4,0.1,0.9,5,3734983,1676208
Best-OpenCV-Settings,Category-NA,False,0,240p,Traffic4,4,0.1,0.9,5,3603704,1231851
Best-OpenCV-Settings,Category-NA,False,0,240p,Traffic5,4,0.1,0.9,5,2681853,1599051
Best-OpenCV-Settings,Category-NA,False,0,360p,Traffic1,3,0.01,0.9,3,7708502,7718704
Best-OpenCV-Settings,Category-NA,False,0,360p,Traffic1,3,0.01,0.9,4,7708502,7545432
Best-OpenCV-Settings,Category-NA,False,0,360p,Traffic1,3,0.01,0.9,5,7708502,7371677
Best-OpenCV-Settings,Category-NA,False,0,360p,Traffic2,4,0.01,0.9,3,20680183,22603357
Best-OpenCV-Settings,Category-NA,False,0,360p,Traffic2,4,0.01,0.9,4,20680183,21391052
Best-OpenCV-Settings,Category-NA,False,0,360p,Traffic2,4,0.01,0.9,5,20680183,20418085
Best-OpenCV-Settings,Category-NA,False,0,360p,Traffic3,4,0.1,0.9,3,7806182,6528380
Best-OpenCV-Settings,Category-NA,False,0,360p,Traffic4,4,0.1,0.9,3,7204172,4200162
Best-OpenCV-Settings,Category-NA,False,0,360p,Traffic5,4,0.1,0.9,3,5196125,4362676
Best-OpenCV-Settings,Category-NA,False,0,360p,Traffic3,4,0.1,0.9,4,7806182,3832443
Best-OpenCV-Settings,Category-NA,False,0,360p,Traffic4,4,0.1,0.9,4,7204172,2655349
Best-OpenCV-Settings,Category-NA,False,0,360p,Traffic5,4,0.1,0.9,4,5196125,3322372
Best-OpenCV-Settings,Category-NA,False,0,360p,Traffic3,4,0.1,0.9,5,7806182,3849200
Best-OpenCV-Settings,Category-NA,False,0,360p,Traffic4,4,0.1,0.9,5,7204172,2666209
Best-OpenCV-Settings,Category-NA,False,0,360p,Traffic5,4,0.1,0.9,5,5196125,3272933
Best-OpenCV-Settings,Category-NA,False,0,480p,Traffic1,3,0.01,0.9,3,12242792,11965582
Best-OpenCV-Settings,Category-NA,False,0,480p,Traffic1,3,0.01,0.9,4,12242792,11707437
Best-OpenCV-Settings,Category-NA,False,0,480p,Traffic1,3,0.01,0.9,5,12242792,11393430
Best-OpenCV-Settings,Category-NA,False,0,480p,Traffic4,3,0.1,0.9,4,11127035,4521755
Best-OpenCV-Settings,Category-NA,False,0,480p,Traffic2,4,0.01,0.9,3,37820128,38335748
Best-OpenCV-Settings,Category-NA,False,0,480p,Traffic2,4,0.01,0.9,4,37820128,36252367
Best-OpenCV-Settings,Category-NA,False,0,480p,Traffic2,4,0.01,0.9,5,37820128,34550310
Best-OpenCV-Settings,Category-NA,False,0,480p,Traffic3,4,0.1,0.9,3,12558393,11633531
Best-OpenCV-Settings,Category-NA,False,0,480p,Traffic4,4,0.1,0.9,3,11127035,7865461
Best-OpenCV-Settings,Category-NA,False,0,480p,Traffic5,4,0.1,0.9,3,8120337,7324417
Best-OpenCV-Settings,Category-NA,False,0,480p,Traffic3,4,0.1,0.9,4,12558393,6953754
Best-OpenCV-Settings,Category-NA,False,0,480p,Traffic5,4,0.1,0.9,4,8120337,5543429
Best-OpenCV-Settings,Category-NA,False,0,480p,Traffic3,4,0.1,0.9,5,12558393,7002830
Best-OpenCV-Settings,Category-NA,False,0,480p,Traffic4,4,0.1,0.9,5,11127035,4374327
Best-OpenCV-Settings,Category-NA,False,0,480p,Traffic5,4,0.1,0.9,5,8120337,5492973
Best-OpenCV-Settings,Category-NA,False,10,120p,Traffic3,2,0.1,0.9,4,771679,464606
Best-OpenCV-Settings,Category-NA,False,10,120p,Traffic4,2,0.1,0.9,4,772620,345457
Best-OpenCV-Settings,Category-NA,False,10,120p,Traffic3,2,0.1,0.9,5,771679,464665
Best-OpenCV-Settings,Category-NA,False,10,120p,Traffic1,3,0.01,0.9,3,1113249,1102943
Best-OpenCV-Settings,Category-NA,False,10,120p,Traffic1,3,0.01,0.9,4,1113249,1060816
Best-OpenCV-Settings,Category-NA,False,10,120p,Traffic1,3,0.01,0.9,5,1113249,1057408
Best-OpenCV-Settings,Category-NA,False,10,120p,Traffic4,3,0.1,0.7,5,772620,350177
Best-OpenCV-Settings,Category-NA,False,10,120p,Traffic2,4,0.01,0.9,3,2314079,2259033
Best-OpenCV-Settings,Category-NA,False,10,120p,Traffic2,4,0.01,0.9,5,2314079,2014733
Best-OpenCV-Settings,Category-NA,False,10,120p,Traffic3,4,0.1,0.9,3,771679,485185
Best-OpenCV-Settings,Category-NA,False,10,120p,Traffic4,4,0.1,0.9,3,772620,379328
Best-OpenCV-Settings,Category-NA,False,10,120p,Traffic5,4,0.1,0.9,3,670191,532454
Best-OpenCV-Settings,Category-NA,False,10,120p,Traffic2,4,0.1,0.9,4,2314079,1481829
Best-OpenCV-Settings,Category-NA,False,10,120p,Traffic5,4,0.1,0.9,4,670191,490567
Best-OpenCV-Settings,Category-NA,False,10,120p,Traffic5,4,0.1,0.9,5,670191,490717
Best-OpenCV-Settings,Category-NA,False,10,240p,Traffic1,3,0.01,0.9,3,4026900,4001486
Best-OpenCV-Settings,Category-NA,False,10,240p,Traffic1,3,0.01,0.9,4,4026900,3953102
Best-OpenCV-Settings,Category-NA,False,10,240p,Traffic1,3,0.01,0.9,5,4026900,3918946
Best-OpenCV-Settings,Category-NA,False,10,240p,Traffic3,3,0.1,0.9,4,3734983,2160049
Best-OpenCV-Settings,Category-NA,False,10,240p,Traffic2,4,0.01,0.9,3,9326828,9246235
Best-OpenCV-Settings,Category-NA,False,10,240p,Traffic3,4,0.01,0.9,3,3734983,3574953
Best-OpenCV-Settings,Category-NA,False,10,240p,Traffic2,4,0.01,0.9,4,9326828,8795612
Best-OpenCV-Settings,Category-NA,False,10,240p,Traffic2,4,0.01,0.9,5,9326828,8676022
Best-OpenCV-Settings,Category-NA,False,10,240p,Traffic4,4,0.1,0.9,3,3603704,1768011
Best-OpenCV-Settings,Category-NA,False,10,240p,Traffic5,4,0.1,0.9,3,2681853,2111705
Best-OpenCV-Settings,Category-NA,False,10,240p,Traffic4,4,0.1,0.9,4,3603704,1426470
Best-OpenCV-Settings,Category-NA,False,10,240p,Traffic5,4,0.1,0.9,4,2681853,1887407
Best-OpenCV-Settings,Category-NA,False,10,240p,Traffic3,4,0.1,0.9,5,3734983,2145052
Best-OpenCV-Settings,Category-NA,False,10,240p,Traffic4,4,0.1,0.9,5,3603704,1429350
Best-OpenCV-Settings,Category-NA,False,10,240p,Traffic5,4,0.1,0.9,5,2681853,1892989
Best-OpenCV-Settings,Category-NA,False,10,360p,Traffic1,3,0.01,0.9,3,7708502,7532860
Best-OpenCV-Settings,Category-NA,False,10,360p,Traffic1,3,0.01,0.9,4,7708502,7458647
Best-OpenCV-Settings,Category-NA,False,10,360p,Traffic1,3,0.01,0.9,5,7708502,7381941
Best-OpenCV-Settings,Category-NA,False,10,360p,Traffic2,4,0.01,0.9,3,20680183,19623645
Best-OpenCV-Settings,Category-NA,False,10,360p,Traffic2,4,0.01,0.9,4,20680183,18836123
Best-OpenCV-Settings,Category-NA,False,10,360p,Traffic2,4,0.01,0.9,5,20680183,18547632
Best-OpenCV-Settings,Category-NA,False,10,360p,Traffic3,4,0.1,0.9,3,7806182,6090951
Best-OpenCV-Settings,Category-NA,False,10,360p,Traffic4,4,0.1,0.9,3,7204172,3752117
Best-OpenCV-Settings,Category-NA,False,10,360p,Traffic5,4,0.1,0.9,3,5196125,4118399
Best-OpenCV-Settings,Category-NA,False,10,360p,Traffic3,4,0.1,0.9,4,7806182,4383280
Best-OpenCV-Settings,Category-NA,False,10,360p,Traffic4,4,0.1,0.9,4,7204172,2882844
Best-OpenCV-Settings,Category-NA,False,10,360p,Traffic5,4,0.1,0.9,4,5196125,3664574
Best-OpenCV-Settings,Category-NA,False,10,360p,Traffic3,4,0.1,0.9,5,7806182,4400644
Best-OpenCV-Settings,Category-NA,False,10,360p,Traffic4,4,0.1,0.9,5,7204172,2887055
Best-OpenCV-Settings,Category-NA,False,10,360p,Traffic5,4,0.1,0.9,5,5196125,3682549
Best-OpenCV-Settings,Category-NA,False,10,480p,Traffic1,3,0.01,0.9,3,12242792,11609391
Best-OpenCV-Settings,Category-NA,False,10,480p,Traffic1,3,0.01,0.9,4,12242792,11505229
Best-OpenCV-Settings,Category-NA,False,10,480p,Traffic1,3,0.01,0.9,5,12242792,11377466
Best-OpenCV-Settings,Category-NA,False,10,480p,Traffic4,3,0.1,0.9,4,11127035,4647288
Best-OpenCV-Settings,Category-NA,False,10,480p,Traffic2,4,0.01,0.9,3,37820128,33708308
Best-OpenCV-Settings,Category-NA,False,10,480p,Traffic2,4,0.01,0.9,4,37820128,32386226
Best-OpenCV-Settings,Category-NA,False,10,480p,Traffic2,4,0.01,0.9,5,37820128,31807399
Best-OpenCV-Settings,Category-NA,False,10,480p,Traffic3,4,0.1,0.9,3,12558393,10338190
Best-OpenCV-Settings,Category-NA,False,10,480p,Traffic4,4,0.1,0.9,3,11127035,6497111
Best-OpenCV-Settings,Category-NA,False,10,480p,Traffic5,4,0.1,0.9,3,8120337,6485953
Best-OpenCV-Settings,Category-NA,False,10,480p,Traffic3,4,0.1,0.9,4,12558393,7190277
Best-OpenCV-Settings,Category-NA,False,10,480p,Traffic5,4,0.1,0.9,4,8120337,5731528
Best-OpenCV-Settings,Category-NA,False,10,480p,Traffic3,4,0.1,0.9,5,12558393,7236725
Best-OpenCV-Settings,Category-NA,False,10,480p,Traffic4,4,0.1,0.9,5,11127035,4553258
Best-OpenCV-Settings,Category-NA,False,10,480p,Traffic5,4,0.1,0.9,5,8120337,5756853
Best-OpenCV-Settings,Category-NA,False,20,120p,Traffic3,2,0.1,0.9,4,771679,409736
Best-OpenCV-Settings,Category-NA,False,20,120p,Traffic4,2,0.1,0.9,4,772620,286365
Best-OpenCV-Settings,Category-NA,False,20,120p,Traffic3,2,0.1,0.9,5,771679,409765
Best-OpenCV-Settings,Category-NA,False,20,120p,Traffic1,3,0.01,0.9,3,1113249,1096783
Best-OpenCV-Settings,Category-NA,False,20,120p,Traffic1,3,0.01,0.9,4,1113249,1045230
Best-OpenCV-Settings,Category-NA,False,20,120p,Traffic1,3,0.01,0.9,5,1113249,1042200
Best-OpenCV-Settings,Category-NA,False,20,120p,Traffic4,3,0.1,0.7,5,772620,291996
Best-OpenCV-Settings,Category-NA,False,20,120p,Traffic2,4,0.01,0.9,3,2314079,2249664
Best-OpenCV-Settings,Category-NA,False,20,120p,Traffic2,4,0.01,0.9,5,2314079,1961863
Best-OpenCV-Settings,Category-NA,False,20,120p,Traffic3,4,0.1,0.9,3,771679,433758
Best-OpenCV-Settings,Category-NA,False,20,120p,Traffic4,4,0.1,0.9,3,772620,327249
Best-OpenCV-Settings,Category-NA,False,20,120p,Traffic5,4,0.1,0.9,3,670191,498509
Best-OpenCV-Settings,Category-NA,False,20,120p,Traffic2,4,0.1,0.9,4,2314079,1349956
Best-OpenCV-Settings,Category-NA,False,20,120p,Traffic5,4,0.1,0.9,4,670191,449218
Best-OpenCV-Settings,Category-NA,False,20,120p,Traffic5,4,0.1,0.9,5,670191,449415
Best-OpenCV-Settings,Category-NA,False,20,240p,Traffic1,3,0.01,0.9,3,4026900,3981742
Best-OpenCV-Settings,Category-NA,False,20,240p,Traffic1,3,0.01,0.9,4,4026900,3918148
Best-OpenCV-Settings,Category-NA,False,20,240p,Traffic1,3,0.01,0.9,5,4026900,3880540
Best-OpenCV-Settings,Category-NA,False,20,240p,Traffic3,3,0.1,0.9,4,3734983,1833416
Best-OpenCV-Settings,Category-NA,False,20,240p,Traffic2,4,0.01,0.9,3,9326828,9233927
Best-OpenCV-Settings,Category-NA,False,20,240p,Traffic3,4,0.01,0.9,3,3734983,3489808
Best-OpenCV-Settings,Category-NA,False,20,240p,Traffic2,4,0.01,0.9,4,9326828,8677598
Best-OpenCV-Settings,Category-NA,False,20,240p,Traffic2,4,0.01,0.9,5,9326828,8555478
Best-OpenCV-Settings,Category-NA,False,20,240p,Traffic4,4,0.1,0.9,3,3603704,1629952
Best-OpenCV-Settings,Category-NA,False,20,240p,Traffic5,4,0.1,0.9,3,2681853,1991568
Best-OpenCV-Settings,Category-NA,False,20,240p,Traffic4,4,0.1,0.9,4,3603704,1243722
Best-OpenCV-Settings,Category-NA,False,20,240p,Traffic5,4,0.1,0.9,4,2681853,1731650
Best-OpenCV-Settings,Category-NA,False,20,240p,Traffic3,4,0.1,0.9,5,3734983,1816071
Best-OpenCV-Settings,Category-NA,False,20,240p,Traffic4,4,0.1,0.9,5,3603704,1247310
Best-OpenCV-Settings,Category-NA,False,20,240p,Traffic5,4,0.1,0.9,5,2681853,1738338
Best-OpenCV-Settings,Category-NA,False,20,360p,Traffic1,3,0.01,0.9,3,7708502,7481811
Best-OpenCV-Settings,Category-NA,False,20,360p,Traffic1,3,0.01,0.9,4,7708502,7379920
Best-OpenCV-Settings,Category-NA,False,20,360p,Traffic1,3,0.01,0.9,5,7708502,7297783
Best-OpenCV-Settings,Category-NA,False,20,360p,Traffic2,4,0.01,0.9,3,20680183,19490479
Best-OpenCV-Settings,Category-NA,False,20,360p,Traffic2,4,0.01,0.9,4,20680183,18487339
Best-OpenCV-Settings,Category-NA,False,20,360p,Traffic2,4,0.01,0.9,5,20680183,18184015
Best-OpenCV-Settings,Category-NA,False,20,360p,Traffic3,4,0.1,0.9,3,7806182,5628749
Best-OpenCV-Settings,Category-NA,False,20,360p,Traffic4,4,0.1,0.9,3,7204172,3535394
Best-OpenCV-Settings,Category-NA,False,20,360p,Traffic5,4,0.1,0.9,3,5196125,3913885
Best-OpenCV-Settings,Category-NA,False,20,360p,Traffic3,4,0.1,0.9,4,7806182,3726872
Best-OpenCV-Settings,Category-NA,False,20,360p,Traffic4,4,0.1,0.9,4,7204172,2558513
Best-OpenCV-Settings,Category-NA,False,20,360p,Traffic5,4,0.1,0.9,4,5196125,3385432
Best-OpenCV-Settings,Category-NA,False,20,360p,Traffic3,4,0.1,0.9,5,7806182,3746294
Best-OpenCV-Settings,Category-NA,False,20,360p,Traffic4,4,0.1,0.9,5,7204172,2567348
Best-OpenCV-Settings,Category-NA,False,20,360p,Traffic5,4,0.1,0.9,5,5196125,3405038
Best-OpenCV-Settings,Category-NA,False,20,480p,Traffic1,3,0.01,0.9,3,12242792,11494961
Best-OpenCV-Settings,Category-NA,False,20,480p,Traffic1,3,0.01,0.9,4,12242792,11355782
Best-OpenCV-Settings,Category-NA,False,20,480p,Traffic1,3,0.01,0.9,5,12242792,11215406
Best-OpenCV-Settings,Category-NA,False,20,480p,Traffic4,3,0.1,0.9,4,11127035,4200177
Best-OpenCV-Settings,Category-NA,False,20,480p,Traffic2,4,0.01,0.9,3,37820128,33297701
Best-OpenCV-Settings,Category-NA,False,20,480p,Traffic2,4,0.01,0.9,4,37820128,31560199
Best-OpenCV-Settings,Category-NA,False,20,480p,Traffic2,4,0.01,0.9,5,37820128,30942982
Best-OpenCV-Settings,Category-NA,False,20,480p,Traffic3,4,0.1,0.9,3,12558393,9739127
Best-OpenCV-Settings,Category-NA,False,20,480p,Traffic4,4,0.1,0.9,3,11127035,6241250
Best-OpenCV-Settings,Category-NA,False,20,480p,Traffic5,4,0.1,0.9,3,8120337,6193838
Best-OpenCV-Settings,Category-NA,False,20,480p,Traffic3,4,0.1,0.9,4,12558393,6224186
Best-OpenCV-Settings,Category-NA,False,20,480p,Traffic5,4,0.1,0.9,4,8120337,5323751
Best-OpenCV-Settings,Category-NA,False,20,480p,Traffic3,4,0.1,0.9,5,12558393,6285818
Best-OpenCV-Settings,Category-NA,False,20,480p,Traffic4,4,0.1,0.9,5,11127035,4102115
Best-OpenCV-Settings,Category-NA,False,20,480p,Traffic5,4,0.1,0.9,5,8120337,5353188
Best-OpenCV-Settings,Category-NA,False,30,120p,Traffic3,2,0.1,0.9,4,771679,374346
Best-OpenCV-Settings,Category-NA,False,30,120p,Traffic4,2,0.1,0.9,4,772620,262119
Best-OpenCV-Settings,Category-NA,False,30,120p,Traffic3,2,0.1,0.9,5,771679,374425
Best-OpenCV-Settings,Category-NA,False,30,120p,Traffic1,3,0.01,0.9,3,1113249,1091519
Best-OpenCV-Settings,Category-NA,False,30,120p,Traffic1,3,0.01,0.9,4,1113249,1034499
Best-OpenCV-Settings,Category-NA,False,30,120p,Traffic1,3,0.01,0.9,5,1113249,1032997
Best-OpenCV-Settings,Category-NA,False,30,120p,Traffic4,3,0.1,0.7,5,772620,268442
Best-OpenCV-Settings,Category-NA,False,30,120p,Traffic2,4,0.01,0.9,3,2314079,2249711
Best-OpenCV-Settings,Category-NA,False,30,120p,Traffic2,4,0.01,0.9,5,2314079,1940941
Best-OpenCV-Settings,Category-NA,False,30,120p,Traffic3,4,0.1,0.9,3,771679,402289
Best-OpenCV-Settings,Category-NA,False,30,120p,Traffic4,4,0.1,0.9,3,772620,305954
Best-OpenCV-Settings,Category-NA,False,30,120p,Traffic5,4,0.1,0.9,3,670191,482512
Best-OpenCV-Settings,Category-NA,False,30,120p,Traffic2,4,0.1,0.9,4,2314079,1291267
Best-OpenCV-Settings,Category-NA,False,30,120p,Traffic5,4,0.1,0.9,4,670191,429781
Best-OpenCV-Settings,Category-NA,False,30,120p,Traffic5,4,0.1,0.9,5,670191,430049
Best-OpenCV-Settings,Category-NA,False,30,240p,Traffic1,3,0.01,0.9,3,4026900,3965382
Best-OpenCV-Settings,Category-NA,False,30,240p,Traffic1,3,0.01,0.9,4,4026900,3893385
Best-OpenCV-Settings,Category-NA,False,30,240p,Traffic1,3,0.01,0.9,5,4026900,3855007
Best-OpenCV-Settings,Category-NA,False,30,240p,Traffic3,3,0.1,0.9,4,3734983,1679415
Best-OpenCV-Settings,Category-NA,False,30,240p,Traffic2,4,0.01,0.9,3,9326828,9255747
Best-OpenCV-Settings,Category-NA,False,30,240p,Traffic3,4,0.01,0.9,3,3734983,3454391
Best-OpenCV-Settings,Category-NA,False,30,240p,Traffic2,4,0.01,0.9,4,9326828,8647408
Best-OpenCV-Settings,Category-NA,False,30,240p,Traffic2,4,0.01,0.9,5,9326828,8518355
Best-OpenCV-Settings,Category-NA,False,30,240p,Traffic4,4,0.1,0.9,3,3603704,1566502
Best-OpenCV-Settings,Category-NA,False,30,240p,Traffic5,4,0.1,0.9,3,2681853,1935779
Best-OpenCV-Settings,Category-NA,False,30,240p,Traffic4,4,0.1,0.9,4,3603704,1161947
Best-OpenCV-Settings,Category-NA,False,30,240p,Traffic5,4,0.1,0.9,4,2681853,1661568
Best-OpenCV-Settings,Category-NA,False,30,240p,Traffic3,4,0.1,0.9,5,3734983,1661685
Best-OpenCV-Settings,Category-NA,False,30,240p,Traffic4,4,0.1,0.9,5,3603704,1166058
Best-OpenCV-Settings,Category-NA,False,30,240p,Traffic5,4,0.1,0.9,5,2681853,1669201
Best-OpenCV-Settings,Category-NA,False,30,360p,Traffic1,3,0.01,0.9,3,7708502,7452761
Best-OpenCV-Settings,Category-NA,False,30,360p,Traffic1,3,0.01,0.9,4,7708502,7337110
Best-OpenCV-Settings,Category-NA,False,30,360p,Traffic1,3,0.01,0.9,5,7708502,7252673
Best-OpenCV-Settings,Category-NA,False,30,360p,Traffic2,4,0.01,0.9,3,20680183,19499802
Best-OpenCV-Settings,Category-NA,False,30,360p,Traffic2,4,0.01,0.9,4,20680183,18382361
Best-OpenCV-Settings,Category-NA,False,30,360p,Traffic2,4,0.01,0.9,5,20680183,18057846
Best-OpenCV-Settings,Category-NA,False,30,360p,Traffic3,4,0.1,0.9,3,7806182,5454139
Best-OpenCV-Settings,Category-NA,False,30,360p,Traffic4,4,0.1,0.9,3,7204172,3430922
Best-OpenCV-Settings,Category-NA,False,30,360p,Traffic5,4,0.1,0.9,3,5196125,3820505
Best-OpenCV-Settings,Category-NA,False,30,360p,Traffic3,4,0.1,0.9,4,7806182,3435323
Best-OpenCV-Settings,Category-NA,False,30,360p,Traffic4,4,0.1,0.9,4,7204172,2417313
Best-OpenCV-Settings,Category-NA,False,30,360p,Traffic5,4,0.1,0.9,4,5196125,3261828
Best-OpenCV-Settings,Category-NA,False,30,360p,Traffic3,4,0.1,0.9,5,7806182,3459088
Best-OpenCV-Settings,Category-NA,False,30,360p,Traffic4,4,0.1,0.9,5,7204172,2427451
Best-OpenCV-Settings,Category-NA,False,30,360p,Traffic5,4,0.1,0.9,5,5196125,3282013
Best-OpenCV-Settings,Category-NA,False,30,480p,Traffic1,3,0.01,0.9,3,12242792,11430624
Best-OpenCV-Settings,Category-NA,False,30,480p,Traffic1,3,0.01,0.9,4,12242792,11273114
Best-OpenCV-Settings,Category-NA,False,30,480p,Traffic1,3,0.01,0.9,5,12242792,11130803
Best-OpenCV-Settings,Category-NA,False,30,480p,Traffic4,3,0.1,0.9,4,11127035,4002721
Best-OpenCV-Settings,Category-NA,False,30,480p,Traffic2,4,0.01,0.9,3,37820128,33152926
Best-OpenCV-Settings,Category-NA,False,30,480p,Traffic2,4,0.01,0.9,4,37820128,31277467
Best-OpenCV-Settings,Category-NA,False,30,480p,Traffic2,4,0.01,0.9,5,37820128,30624171
Best-OpenCV-Settings,Category-NA,False,30,480p,Traffic3,4,0.1,0.9,3,12558393,9541330
Best-OpenCV-Settings,Category-NA,False,30,480p,Traffic4,4,0.1,0.9,3,11127035,6127808
Best-OpenCV-Settings,Category-NA,False,30,480p,Traffic5,4,0.1,0.9,3,8120337,6056967
Best-OpenCV-Settings,Category-NA,False,30,480p,Traffic3,4,0.1,0.9,4,12558393,5812088
Best-OpenCV-Settings,Category-NA,False,30,480p,Traffic5,4,0.1,0.9,4,8120337,5128047
Best-OpenCV-Settings,Category-NA,False,30,480p,Traffic3,4,0.1,0.9,5,12558393,5880692
Best-OpenCV-Settings,Category-NA,False,30,480p,Traffic4,4,0.1,0.9,5,11127035,3901614
Best-OpenCV-Settings,Category-NA,False,30,480p,Traffic5,4,0.1,0.9,5,8120337,5155627
Best-OpenCV-Settings,Category-NA,True,0,120p,Traffic3,2,0.1,0.9,4,771679,341989
Best-OpenCV-Settings,Category-NA,True,0,120p,Traffic4,2,0.1,0.9,4,772620,236140
Best-OpenCV-Settings,Category-NA,True,0,120p,Traffic3,2,0.1,0.9,5,771679,341989
Best-OpenCV-Settings,Category-NA,True,0,120p,Traffic1,3,0.01,0.9,3,1113249,1022976
Best-OpenCV-Settings,Category-NA,True,0,120p,Traffic1,3,0.01,0.9,4,1113249,974941
Best-OpenCV-Settings,Category-NA,True,0,120p,Traffic1,3,0.01,0.9,5,1113249,984902
Best-OpenCV-Settings,Category-NA,True,0,120p,Traffic4,3,0.1,0.7,5,772620,236140
Best-OpenCV-Settings,Category-NA,True,0,120p,Traffic2,4,0.01,0.9,3,2314079,2145291
Best-OpenCV-Settings,Category-NA,True,0,120p,Traffic2,4,0.01,0.9,5,2314079,1857143
Best-OpenCV-Settings,Category-NA,True,0,120p,Traffic3,4,0.1,0.9,3,771679,343354
Best-OpenCV-Settings,Category-NA,True,0,120p,Traffic4,4,0.1,0.9,3,772620,236140
Best-OpenCV-Settings,Category-NA,True,0,120p,Traffic5,4,0.1,0.9,3,670191,387622
Best-OpenCV-Settings,Category-NA,True,0,120p,Traffic2,4,0.1,0.9,4,2314079,1280215
Best-OpenCV-Settings,Category-NA,True,0,120p,Traffic5,4,0.1,0.9,4,670191,369928
Best-OpenCV-Settings,Category-NA,True,0,120p,Traffic5,4,0.1,0.9,5,670191,364696
Best-OpenCV-Settings,Category-NA,True,0,240p,Traffic1,3,0.01,0.9,3,4026900,3947400
Best-OpenCV-Settings,Category-NA,True,0,240p,Traffic1,3,0.01,0.9,4,4026900,3857381
Best-OpenCV-Settings,Category-NA,True,0,240p,Traffic1,3,0.01,0.9,5,4026900,3818169
Best-OpenCV-Settings,Category-NA,True,0,240p,Traffic3,3,0.1,0.9,4,3734983,1508409
Best-OpenCV-Settings,Category-NA,True,0,240p,Traffic2,4,0.01,0.9,3,9326828,10087644
Best-OpenCV-Settings,Category-NA,True,0,240p,Traffic3,4,0.01,0.9,3,3734983,3292509
Best-OpenCV-Settings,Category-NA,True,0,240p,Traffic2,4,0.01,0.9,4,9326828,9441150
Best-OpenCV-Settings,Category-NA,True,0,240p,Traffic2,4,0.01,0.9,5,9326828,9166405
Best-OpenCV-Settings,Category-NA,True,0,240p,Traffic4,4,0.1,0.9,3,3603704,1313400
Best-OpenCV-Settings,Category-NA,True,0,240p,Traffic5,4,0.1,0.9,3,2681853,1626603
Best-OpenCV-Settings,Category-NA,True,0,240p,Traffic4,4,0.1,0.9,4,3603704,1025796
Best-OpenCV-Settings,Category-NA,True,0,240p,Traffic5,4,0.1,0.9,4,2681853,1365661
Best-OpenCV-Settings,Category-NA,True,0,240p,Traffic3,4,0.1,0.9,5,3734983,1508358
Best-OpenCV-Settings,Category-NA,True,0,240p,Traffic4,4,0.1,0.9,5,3603704,1052241
Best-OpenCV-Settings,Category-NA,True,0,240p,Traffic5,4,0.1,0.9,5,2681853,1366120
Best-OpenCV-Settings,Category-NA,True,0,360p,Traffic1,3,0.01,0.9,3,7708502,7577055
Best-OpenCV-Settings,Category-NA,True,0,360p,Traffic1,3,0.01,0.9,4,7708502,7414095
Best-OpenCV-Settings,Category-NA,True,0,360p,Traffic1,3,0.01,0.9,5,7708502,7282409
Best-OpenCV-Settings,Category-NA,True,0,360p,Traffic2,4,0.01,0.9,3,20680183,21731941
Best-OpenCV-Settings,Category-NA,True,0,360p,Traffic2,4,0.01,0.9,4,20680183,20621566
Best-OpenCV-Settings,Category-NA,True,0,360p,Traffic2,4,0.01,0.9,5,20680183,19919967
Best-OpenCV-Settings,Category-NA,True,0,360p,Traffic3,4,0.1,0.9,3,7806182,4150425
Best-OpenCV-Settings,Category-NA,True,0,360p,Traffic4,4,0.1,0.9,3,7204172,2980388
Best-OpenCV-Settings,Category-NA,True,0,360p,Traffic5,4,0.1,0.9,3,5196125,3380910
Best-OpenCV-Settings,Category-NA,True,0,360p,Traffic3,4,0.1,0.9,4,7806182,3212090
Best-OpenCV-Settings,Category-NA,True,0,360p,Traffic4,4,0.1,0.9,4,7204172,2362602
Best-OpenCV-Settings,Category-NA,True,0,360p,Traffic5,4,0.1,0.9,4,5196125,2620470
Best-OpenCV-Settings,Category-NA,True,0,360p,Traffic3,4,0.1,0.9,5,7806182,3313365
Best-OpenCV-Settings,Category-NA,True,0,360p,Traffic4,4,0.1,0.9,5,7204172,2432758
Best-OpenCV-Settings,Category-NA,True,0,360p,Traffic5,4,0.1,0.9,5,5196125,2697063
Best-OpenCV-Settings,Category-NA,True,0,480p,Traffic1,3,0.01,0.9,3,12242792,11777440
Best-OpenCV-Settings,Category-NA,True,0,480p,Traffic1,3,0.01,0.9,4,12242792,11544755
Best-OpenCV-Settings,Category-NA,True,0,480p,Traffic1,3,0.01,0.9,5,12242792,11274141
Best-OpenCV-Settings,Category-NA,True,0,480p,Traffic4,3,0.1,0.9,4,11127035,4159813
Best-OpenCV-Settings,Category-NA,True,0,480p,Traffic2,4,0.01,0.9,3,37820128,37037141
Best-OpenCV-Settings,Category-NA,True,0,480p,Traffic2,4,0.01,0.9,4,37820128,35092382
Best-OpenCV-Settings,Category-NA,True,0,480p,Traffic2,4,0.01,0.9,5,37820128,33793659
Best-OpenCV-Settings,Category-NA,True,0,480p,Traffic3,4,0.1,0.9,3,12558393,8000142
Best-OpenCV-Settings,Category-NA,True,0,480p,Traffic4,4,0.1,0.9,3,11127035,5086860
Best-OpenCV-Settings,Category-NA,True,0,480p,Traffic5,4,0.1,0.9,3,8120337,5542184
Best-OpenCV-Settings,Category-NA,True,0,480p,Traffic3,4,0.1,0.9,4,12558393,5547883
Best-OpenCV-Settings,Category-NA,True,0,480p,Traffic5,4,0.1,0.9,4,8120337,4260612
Best-OpenCV-Settings,Category-NA,True,0,480p,Traffic3,4,0.1,0.9,5,12558393,5721208
Best-OpenCV-Settings,Category-NA,True,0,480p,Traffic4,4,0.1,0.9,5,11127035,4146601
Best-OpenCV-Settings,Category-NA,True,0,480p,Traffic5,4,0.1,0.9,5,8120337,4498017
Best-OpenCV-Settings,Category-NA,True,10,120p,Traffic3,2,0.1,0.9,4,771679,464369
Best-OpenCV-Settings,Category-NA,True,10,120p,Traffic4,2,0.1,0.9,4,772620,344975
Best-OpenCV-Settings,Category-NA,True,10,120p,Traffic3,2,0.1,0.9,5,771679,464369
Best-OpenCV-Settings,Category-NA,True,10,120p,Traffic1,3,0.01,0.9,3,1113249,1024077
Best-OpenCV-Settings,Category-NA,True,10,120p,Traffic1,3,0.01,0.9,4,1113249,987941
Best-OpenCV-Settings,Category-NA,True,10,120p,Traffic1,3,0.01,0.9,5,1113249,1003907
Best-OpenCV-Settings,Category-NA,True,10,120p,Traffic4,3,0.1,0.7,5,772620,344975
Best-OpenCV-Settings,Category-NA,True,10,120p,Traffic2,4,0.01,0.9,3,2314079,2014712
Best-OpenCV-Settings,Category-NA,True,10,120p,Traffic2,4,0.01,0.9,5,2314079,1838507
Best-OpenCV-Settings,Category-NA,True,10,120p,Traffic3,4,0.1,0.9,3,771679,464369
Best-OpenCV-Settings,Category-NA,True,10,120p,Traffic4,4,0.1,0.9,3,772620,344975
Best-OpenCV-Settings,Category-NA,True,10,120p,Traffic5,4,0.1,0.9,3,670191,487026
Best-OpenCV-Settings,Category-NA,True,10,120p,Traffic2,4,0.1,0.9,4,2314079,1391680
Best-OpenCV-Settings,Category-NA,True,10,120p,Traffic5,4,0.1,0.9,4,670191,486733
Best-OpenCV-Settings,Category-NA,True,10,120p,Traffic5,4,0.1,0.9,5,670191,486873
Best-OpenCV-Settings,Category-NA,True,10,240p,Traffic1,3,0.01,0.9,3,4026900,3914891
Best-OpenCV-Settings,Category-NA,True,10,240p,Traffic1,3,0.01,0.9,4,4026900,3868378
Best-OpenCV-Settings,Category-NA,True,10,240p,Traffic1,3,0.01,0.9,5,4026900,3864134
Best-OpenCV-Settings,Category-NA,True,10,240p,Traffic3,3,0.1,0.9,4,3734983,2103678
Best-OpenCV-Settings,Category-NA,True,10,240p,Traffic2,4,0.01,0.9,3,9326828,8889322
Best-OpenCV-Settings,Category-NA,True,10,240p,Traffic3,4,0.01,0.9,3,3734983,3285672
Best-OpenCV-Settings,Category-NA,True,10,240p,Traffic2,4,0.01,0.9,4,9326828,8395184
Best-OpenCV-Settings,Category-NA,True,10,240p,Traffic2,4,0.01,0.9,5,9326828,8400012
Best-OpenCV-Settings,Category-NA,True,10,240p,Traffic4,4,0.1,0.9,3,3603704,1470476
Best-OpenCV-Settings,Category-NA,True,10,240p,Traffic5,4,0.1,0.9,3,2681853,1852872
Best-OpenCV-Settings,Category-NA,True,10,240p,Traffic4,4,0.1,0.9,4,3603704,1361913
Best-OpenCV-Settings,Category-NA,True,10,240p,Traffic5,4,0.1,0.9,4,2681853,1796602
Best-OpenCV-Settings,Category-NA,True,10,240p,Traffic3,4,0.1,0.9,5,3734983,2103653
Best-OpenCV-Settings,Category-NA,True,10,240p,Traffic4,4,0.1,0.9,5,3603704,1369127
Best-OpenCV-Settings,Category-NA,True,10,240p,Traffic5,4,0.1,0.9,5,2681853,1809580
Best-OpenCV-Settings,Category-NA,True,10,360p,Traffic1,3,0.01,0.9,3,7708502,7440345
Best-OpenCV-Settings,Category-NA,True,10,360p,Traffic1,3,0.01,0.9,4,7708502,7367390
Best-OpenCV-Settings,Category-NA,True,10,360p,Traffic1,3,0.01,0.9,5,7708502,7319653
Best-OpenCV-Settings,Category-NA,True,10,360p,Traffic2,4,0.01,0.9,3,20680183,19052855
Best-OpenCV-Settings,Category-NA,True,10,360p,Traffic2,4,0.01,0.9,4,20680183,18321307
Best-OpenCV-Settings,Category-NA,True,10,360p,Traffic2,4,0.01,0.9,5,20680183,18196041
Best-OpenCV-Settings,Category-NA,True,10,360p,Traffic3,4,0.1,0.9,3,7806182,4557834
Best-OpenCV-Settings,Category-NA,True,10,360p,Traffic4,4,0.1,0.9,3,7204172,3032921
Best-OpenCV-Settings,Category-NA,True,10,360p,Traffic5,4,0.1,0.9,3,5196125,3675489
Best-OpenCV-Settings,Category-NA,True,10,360p,Traffic3,4,0.1,0.9,4,7806182,4180912
Best-OpenCV-Settings,Category-NA,True,10,360p,Traffic4,4,0.1,0.9,4,7204172,2715873
Best-OpenCV-Settings,Category-NA,True,10,360p,Traffic5,4,0.1,0.9,4,5196125,3473751
Best-OpenCV-Settings,Category-NA,True,10,360p,Traffic3,4,0.1,0.9,5,7806182,4209950
Best-OpenCV-Settings,Category-NA,True,10,360p,Traffic4,4,0.1,0.9,5,7204172,2743875
Best-OpenCV-Settings,Category-NA,True,10,360p,Traffic5,4,0.1,0.9,5,5196125,3511795
Best-OpenCV-Settings,Category-NA,True,10,480p,Traffic1,3,0.01,0.9,3,12242792,11500794
Best-OpenCV-Settings,Category-NA,True,10,480p,Traffic1,3,0.01,0.9,4,12242792,11402396
Best-OpenCV-Settings,Category-NA,True,10,480p,Traffic1,3,0.01,0.9,5,12242792,11301393
Best-OpenCV-Settings,Category-NA,True,10,480p,Traffic4,3,0.1,0.9,4,11127035,4411954
Best-OpenCV-Settings,Category-NA,True,10,480p,Traffic2,4,0.01,0.9,3,37820128,32853503
Best-OpenCV-Settings,Category-NA,True,10,480p,Traffic2,4,0.01,0.9,4,37820128,31669047
Best-OpenCV-Settings,Category-NA,True,10,480p,Traffic2,4,0.01,0.9,5,37820128,31297099
Best-OpenCV-Settings,Category-NA,True,10,480p,Traffic3,4,0.1,0.9,3,12558393,7895038
Best-OpenCV-Settings,Category-NA,True,10,480p,Traffic4,4,0.1,0.9,3,11127035,4929816
Best-OpenCV-Settings,Category-NA,True,10,480p,Traffic5,4,0.1,0.9,3,8120337,5808193
Best-OpenCV-Settings,Category-NA,True,10,480p,Traffic3,4,0.1,0.9,4,12558393,6636825
Best-OpenCV-Settings,Category-NA,True,10,480p,Traffic5,4,0.1,0.9,4,8120337,5444554
Best-OpenCV-Settings,Category-NA,True,10,480p,Traffic3,4,0.1,0.9,5,12558393,6719187
Best-OpenCV-Settings,Category-NA,True,10,480p,Traffic4,4,0.1,0.9,5,11127035,4402844
Best-OpenCV-Settings,Category-NA,True,10,480p,Traffic5,4,0.1,0.9,5,8120337,5508211
Best-OpenCV-Settings,Category-NA,True,20,120p,Traffic3,2,0.1,0.9,4,771679,409326
Best-OpenCV-Settings,Category-NA,True,20,120p,Traffic4,2,0.1,0.9,4,772620,285406
Best-OpenCV-Settings,Category-NA,True,20,120p,Traffic3,2,0.1,0.9,5,771679,409326
Best-OpenCV-Settings,Category-NA,True,20,120p,Traffic1,3,0.01,0.9,3,1113249,1005535
Best-OpenCV-Settings,Category-NA,True,20,120p,Traffic1,3,0.01,0.9,4,1113249,961941
Best-OpenCV-Settings,Category-NA,True,20,120p,Traffic1,3,0.01,0.9,5,1113249,981050
Best-OpenCV-Settings,Category-NA,True,20,120p,Traffic4,3,0.1,0.7,5,772620,285406
Best-OpenCV-Settings,Category-NA,True,20,120p,Traffic2,4,0.01,0.9,3,2314079,1969422
Best-OpenCV-Settings,Category-NA,True,20,120p,Traffic2,4,0.01,0.9,5,2314079,1763197
Best-OpenCV-Settings,Category-NA,True,20,120p,Traffic3,4,0.1,0.9,3,771679,409343
Best-OpenCV-Settings,Category-NA,True,20,120p,Traffic4,4,0.1,0.9,3,772620,285406
Best-OpenCV-Settings,Category-NA,True,20,120p,Traffic5,4,0.1,0.9,3,670191,444856
Best-OpenCV-Settings,Category-NA,True,20,120p,Traffic2,4,0.1,0.9,4,2314079,1245092
Best-OpenCV-Settings,Category-NA,True,20,120p,Traffic5,4,0.1,0.9,4,670191,444539
Best-OpenCV-Settings,Category-NA,True,20,120p,Traffic5,4,0.1,0.9,5,670191,444737
Best-OpenCV-Settings,Category-NA,True,20,240p,Traffic1,3,0.01,0.9,3,4026900,3878999
Best-OpenCV-Settings,Category-NA,True,20,240p,Traffic1,3,0.01,0.9,4,4026900,3819105
Best-OpenCV-Settings,Category-NA,True,20,240p,Traffic1,3,0.01,0.9,5,4026900,3816252
Best-OpenCV-Settings,Category-NA,True,20,240p,Traffic3,3,0.1,0.9,4,3734983,1771324
Best-OpenCV-Settings,Category-NA,True,20,240p,Traffic2,4,0.01,0.9,3,9326828,8814156
Best-OpenCV-Settings,Category-NA,True,20,240p,Traffic3,4,0.01,0.9,3,3734983,3133365
Best-OpenCV-Settings,Category-NA,True,20,240p,Traffic2,4,0.01,0.9,4,9326828,8226951
Best-OpenCV-Settings,Category-NA,True,20,240p,Traffic2,4,0.01,0.9,5,9326828,8246485
Best-OpenCV-Settings,Category-NA,True,20,240p,Traffic4,4,0.1,0.9,3,3603704,1294681
Best-OpenCV-Settings,Category-NA,True,20,240p,Traffic5,4,0.1,0.9,3,2681853,1695543
Best-OpenCV-Settings,Category-NA,True,20,240p,Traffic4,4,0.1,0.9,4,3603704,1169716
Best-OpenCV-Settings,Category-NA,True,20,240p,Traffic5,4,0.1,0.9,4,2681853,1628710
Best-OpenCV-Settings,Category-NA,True,20,240p,Traffic3,4,0.1,0.9,5,3734983,1771568
Best-OpenCV-Settings,Category-NA,True,20,240p,Traffic4,4,0.1,0.9,5,3603704,1178299
Best-OpenCV-Settings,Category-NA,True,20,240p,Traffic5,4,0.1,0.9,5,2681853,1642874
Best-OpenCV-Settings,Category-NA,True,20,360p,Traffic1,3,0.01,0.9,3,7708502,7367015
Best-OpenCV-Settings,Category-NA,True,20,360p,Traffic1,3,0.01,0.9,4,7708502,7270099
Best-OpenCV-Settings,Category-NA,True,20,360p,Traffic1,3,0.01,0.9,5,7708502,7222199
Best-OpenCV-Settings,Category-NA,True,20,360p,Traffic2,4,0.01,0.9,3,20680183,18818499
Best-OpenCV-Settings,Category-NA,True,20,360p,Traffic2,4,0.01,0.9,4,20680183,17916898
Best-OpenCV-Settings,Category-NA,True,20,360p,Traffic2,4,0.01,0.9,5,20680183,17792867
Best-OpenCV-Settings,Category-NA,True,20,360p,Traffic3,4,0.1,0.9,3,7806182,3932947
Best-OpenCV-Settings,Category-NA,True,20,360p,Traffic4,4,0.1,0.9,3,7204172,2734567
Best-OpenCV-Settings,Category-NA,True,20,360p,Traffic5,4,0.1,0.9,3,5196125,3397956
Best-OpenCV-Settings,Category-NA,True,20,360p,Traffic3,4,0.1,0.9,4,7806182,3503476
Best-OpenCV-Settings,Category-NA,True,20,360p,Traffic4,4,0.1,0.9,4,7204172,2375397
Best-OpenCV-Settings,Category-NA,True,20,360p,Traffic5,4,0.1,0.9,4,5196125,3169614
Best-OpenCV-Settings,Category-NA,True,20,360p,Traffic3,4,0.1,0.9,5,7806182,3537794
Best-OpenCV-Settings,Category-NA,True,20,360p,Traffic4,4,0.1,0.9,5,7204172,2406449
Best-OpenCV-Settings,Category-NA,True,20,360p,Traffic5,4,0.1,0.9,5,5196125,3213165
Best-OpenCV-Settings,Category-NA,True,20,480p,Traffic1,3,0.01,0.9,3,12242792,11362814
Best-OpenCV-Settings,Category-NA,True,20,480p,Traffic1,3,0.01,0.9,4,12242792,11232786
Best-OpenCV-Settings,Category-NA,True,20,480p,Traffic1,3,0.01,0.9,5,12242792,11124453
Best-OpenCV-Settings,Category-NA,True,20,480p,Traffic4,3,0.1,0.9,4,11127035,3940247
Best-OpenCV-Settings,Category-NA,True,20,480p,Traffic2,4,0.01,0.9,3,37820128,32278012
Best-OpenCV-Settings,Category-NA,True,20,480p,Traffic2,4,0.01,0.9,4,37820128,30760655
Best-OpenCV-Settings,Category-NA,True,20,480p,Traffic2,4,0.01,0.9,5,37820128,30375123
Best-OpenCV-Settings,Category-NA,True,20,480p,Traffic3,4,0.1,0.9,3,12558393,7031177
Best-OpenCV-Settings,Category-NA,True,20,480p,Traffic4,4,0.1,0.9,3,11127035,4520211
Best-OpenCV-Settings,Category-NA,True,20,480p,Traffic5,4,0.1,0.9,3,8120337,5410739
Best-OpenCV-Settings,Category-NA,True,20,480p,Traffic3,4,0.1,0.9,4,12558393,5625505
Best-OpenCV-Settings,Category-NA,True,20,480p,Traffic5,4,0.1,0.9,4,8120337,4996473
Best-OpenCV-Settings,Category-NA,True,20,480p,Traffic3,4,0.1,0.9,5,12558393,5718383
Best-OpenCV-Settings,Category-NA,True,20,480p,Traffic4,4,0.1,0.9,5,11127035,3931626
Best-OpenCV-Settings,Category-NA,True,20,480p,Traffic5,4,0.1,0.9,5,8120337,5068521
Best-OpenCV-Settings,Category-NA,True,30,120p,Traffic3,2,0.1,0.9,4,771679,374079
Best-OpenCV-Settings,Category-NA,True,30,120p,Traffic4,2,0.1,0.9,4,772620,260959
Best-OpenCV-Settings,Category-NA,True,30,120p,Traffic3,2,0.1,0.9,5,771679,374079
Best-OpenCV-Settings,Category-NA,True,30,120p,Traffic1,3,0.01,0.9,3,1113249,995687
Best-OpenCV-Settings,Category-NA,True,30,120p,Traffic1,3,0.01,0.9,4,1113249,947268
Best-OpenCV-Settings,Category-NA,True,30,120p,Traffic1,3,0.01,0.9,5,1113249,969424
Best-OpenCV-Settings,Category-NA,True,30,120p,Traffic4,3,0.1,0.7,5,772620,260959
Best-OpenCV-Settings,Category-NA,True,30,120p,Traffic2,4,0.01,0.9,3,2314079,1953180
Best-OpenCV-Settings,Category-NA,True,30,120p,Traffic2,4,0.01,0.9,5,2314079,1731150
Best-OpenCV-Settings,Category-NA,True,30,120p,Traffic3,4,0.1,0.9,3,771679,374130
Best-OpenCV-Settings,Category-NA,True,30,120p,Traffic4,4,0.1,0.9,3,772620,260959
Best-OpenCV-Settings,Category-NA,True,30,120p,Traffic5,4,0.1,0.9,3,670191,424886
Best-OpenCV-Settings,Category-NA,True,30,120p,Traffic2,4,0.1,0.9,4,2314079,1182324
Best-OpenCV-Settings,Category-NA,True,30,120p,Traffic5,4,0.1,0.9,4,670191,424543
Best-OpenCV-Settings,Category-NA,True,30,120p,Traffic5,4,0.1,0.9,5,670191,424736
Best-OpenCV-Settings,Category-NA,True,30,240p,Traffic1,3,0.01,0.9,3,4026900,3854947
Best-OpenCV-Settings,Category-NA,True,30,240p,Traffic1,3,0.01,0.9,4,4026900,3787883
Best-OpenCV-Settings,Category-NA,True,30,240p,Traffic1,3,0.01,0.9,5,4026900,3785852
Best-OpenCV-Settings,Category-NA,True,30,240p,Traffic3,3,0.1,0.9,4,3734983,1611283
Best-OpenCV-Settings,Category-NA,True,30,240p,Traffic2,4,0.01,0.9,3,9326828,8807568
Best-OpenCV-Settings,Category-NA,True,30,240p,Traffic3,4,0.01,0.9,3,3734983,3065635
Best-OpenCV-Settings,Category-NA,True,30,240p,Traffic2,4,0.01,0.9,4,9326828,8171768
Best-OpenCV-Settings,Category-NA,True,30,240p,Traffic2,4,0.01,0.9,5,9326828,8191051
Best-OpenCV-Settings,Category-NA,True,30,240p,Traffic4,4,0.1,0.9,3,3603704,1214213
Best-OpenCV-Settings,Category-NA,True,30,240p,Traffic5,4,0.1,0.9,3,2681853,1622267
Best-OpenCV-Settings,Category-NA,True,30,240p,Traffic4,4,0.1,0.9,4,3603704,1081262
Best-OpenCV-Settings,Category-NA,True,30,240p,Traffic5,4,0.1,0.9,4,2681853,1552418
Best-OpenCV-Settings,Category-NA,True,30,240p,Traffic3,4,0.1,0.9,5,3734983,1611318
Best-OpenCV-Settings,Category-NA,True,30,240p,Traffic4,4,0.1,0.9,5,3603704,1091087
Best-OpenCV-Settings,Category-NA,True,30,240p,Traffic5,4,0.1,0.9,5,2681853,1567488
Best-OpenCV-Settings,Category-NA,True,30,360p,Traffic1,3,0.01,0.9,3,7708502,7329274
Best-OpenCV-Settings,Category-NA,True,30,360p,Traffic1,3,0.01,0.9,4,7708502,7220084
Best-OpenCV-Settings,Category-NA,True,30,360p,Traffic1,3,0.01,0.9,5,7708502,7171161
Best-OpenCV-Settings,Category-NA,True,30,360p,Traffic2,4,0.01,0.9,3,20680183,18764733
Best-OpenCV-Settings,Category-NA,True,30,360p,Traffic2,4,0.01,0.9,4,20680183,17784284
Best-OpenCV-Settings,Category-NA,True,30,360p,Traffic2,4,0.01,0.9,5,20680183,17641515
Best-OpenCV-Settings,Category-NA,True,30,360p,Traffic3,4,0.1,0.9,3,7806182,3662332
Best-OpenCV-Settings,Category-NA,True,30,360p,Traffic4,4,0.1,0.9,3,7204172,2602424
Best-OpenCV-Settings,Category-NA,True,30,360p,Traffic5,4,0.1,0.9,3,5196125,3275558
Best-OpenCV-Settings,Category-NA,True,30,360p,Traffic3,4,0.1,0.9,4,7806182,3193064
Best-OpenCV-Settings,Category-NA,True,30,360p,Traffic4,4,0.1,0.9,4,7204172,2219772
Best-OpenCV-Settings,Category-NA,True,30,360p,Traffic5,4,0.1,0.9,4,5196125,3032322
Best-OpenCV-Settings,Category-NA,True,30,360p,Traffic3,4,0.1,0.9,5,7806182,3235080
Best-OpenCV-Settings,Category-NA,True,30,360p,Traffic4,4,0.1,0.9,5,7204172,2256346
Best-OpenCV-Settings,Category-NA,True,30,360p,Traffic5,4,0.1,0.9,5,5196125,3076454
Best-OpenCV-Settings,Category-NA,True,30,480p,Traffic1,3,0.01,0.9,3,12242792,11288134
Best-OpenCV-Settings,Category-NA,True,30,480p,Traffic1,3,0.01,0.9,4,12242792,11142563
Best-OpenCV-Settings,Category-NA,True,30,480p,Traffic1,3,0.01,0.9,5,12242792,11032621
Best-OpenCV-Settings,Category-NA,True,30,480p,Traffic4,3,0.1,0.9,4,11127035,3728573
Best-OpenCV-Settings,Category-NA,True,30,480p,Traffic2,4,0.01,0.9,3,37820128,32068479
Best-OpenCV-Settings,Category-NA,True,30,480p,Traffic2,4,0.01,0.9,4,37820128,30431242
Best-OpenCV-Settings,Category-NA,True,30,480p,Traffic2,4,0.01,0.9,5,37820128,30022859
Best-OpenCV-Settings,Category-NA,True,30,480p,Traffic3,4,0.1,0.9,3,12558393,6678353
Best-OpenCV-Settings,Category-NA,True,30,480p,Traffic4,4,0.1,0.9,3,11127035,4343077
Best-OpenCV-Settings,Category-NA,True,30,480p,Traffic5,4,0.1,0.9,3,8120337,5225306
Best-OpenCV-Settings,Category-NA,True,30,480p,Traffic3,4,0.1,0.9,4,12558393,5159392
Best-OpenCV-Settings,Category-NA,True,30,480p,Traffic5,4,0.1,0.9,4,8120337,4779521
Best-OpenCV-Settings,Category-NA,True,30,480p,Traffic3,4,0.1,0.9,5,12558393,5264474
Best-OpenCV-Settings,Category-NA,True,30,480p,Traffic4,4,0.1,0.9,5,11127035,3721104
Best-OpenCV-Settings,Category-NA,True,30,480p,Traffic5,4,0.1,0.9,5,8120337,4855448
Best-Otsu-Settings,Category-NA,False,0,120p,Traffic3,2,0.1,0.9,4,771679,346009
Best-Otsu-Settings,Category-NA,False,0,120p,Traffic4,2,0.1,0.9,4,772620,241398
Best-Otsu-Settings,Category-NA,False,0,120p,Traffic5,2,0.1,0.9,4,670191,448915
Best-Otsu-Settings,Category-NA,False,0,120p,Traffic3,2,0.1,0.9,5,771679,347153
Best-Otsu-Settings,Category-NA,False,0,120p,Traffic4,2,0.1,0.9,5,772620,242181
Best-Otsu-Settings,Category-NA,False,0,120p,Traffic5,2,0.1,0.9,5,670191,443897
Best-Otsu-Settings,Category-NA,False,0,120p,Traffic1,3,0.1,0.9,4,1113249,920234
Best-Otsu-Settings,Category-NA,False,0,120p,Traffic2,3,0.1,0.9,4,2314079,1554089
Best-Otsu-Settings,Category-NA,False,0,120p,Traffic1,3,0.1,0.9,5,1113249,906023
Best-Otsu-Settings,Category-NA,False,0,120p,Traffic2,3,0.1,0.9,5,2314079,1545071
Best-Otsu-Settings,Category-NA,False,0,120p,Traffic1,4,0.1,0.9,3,1113249,1172657
Best-Otsu-Settings,Category-NA,False,0,120p,Traffic2,4,0.1,0.9,3,2314079,2132556
Best-Otsu-Settings,Category-NA,False,0,120p,Traffic3,4,0.1,0.9,3,771679,421681
Best-Otsu-Settings,Category-NA,False,0,120p,Traffic4,4,0.1,0.9,3,772620,327477
Best-Otsu-Settings,Category-NA,False,0,120p,Traffic5,4,0.1,0.9,3,670191,500319
Best-Otsu-Settings,Category-NA,False,0,240p,Traffic3,3,0.1,0.9,4,3734983,1733257
Best-Otsu-Settings,Category-NA,False,0,240p,Traffic2,4,0.01,0.9,3,9326828,10625671
Best-Otsu-Settings,Category-NA,False,0,240p,Traffic1,4,0.1,0.9,3,4026900,4774054
Best-Otsu-Settings,Category-NA,False,0,240p,Traffic3,4,0.1,0.9,3,3734983,2695431
Best-Otsu-Settings,Category-NA,False,0,240p,Traffic4,4,0.1,0.9,3,3603704,1814553
Best-Otsu-Settings,Category-NA,False,0,240p,Traffic5,4,0.1,0.9,3,2681853,2181291
Best-Otsu-Settings,Category-NA,False,0,240p,Traffic1,4,0.1,0.9,4,4026900,4169940
Best-Otsu-Settings,Category-NA,False,0,240p,Traffic2,4,0.1,0.9,4,9326828,7963364
Best-Otsu-Settings,Category-NA,False,0,240p,Traffic4,4,0.1,0.9,4,3603704,1225253
Best-Otsu-Settings,Category-NA,False,0,240p,Traffic5,4,0.1,0.9,4,2681853,1627221
Best-Otsu-Settings,Category-NA,False,0,240p,Traffic1,4,0.1,0.9,5,4026900,4024891
Best-Otsu-Settings,Category-NA,False,0,240p,Traffic2,4,0.1,0.9,5,9326828,7837665
Best-Otsu-Settings,Category-NA,False,0,240p,Traffic3,4,0.1,0.9,5,3734983,1676208
Best-Otsu-Settings,Category-NA,False,0,240p,Traffic4,4,0.1,0.9,5,3603704,1231851
Best-Otsu-Settings,Category-NA,False,0,240p,Traffic5,4,0.1,0.9,5,2681853,1599051
Best-Otsu-Settings,Category-NA,False,0,360p,Traffic2,4,0.01,0.9,3,20680183,22603357
Best-Otsu-Settings,Category-NA,False,0,360p,Traffic1,4,0.1,0.9,3,7708502,9424104
Best-Otsu-Settings,Category-NA,False,0,360p,Traffic3,4,0.1,0.9,3,7806182,6528380
Best-Otsu-Settings,Category-NA,False,0,360p,Traffic4,4,0.1,0.9,3,7204172,4200162
Best-Otsu-Settings,Category-NA,False,0,360p,Traffic5,4,0.1,0.9,3,5196125,4362676
Best-Otsu-Settings,Category-NA,False,0,360p,Traffic1,4,0.1,0.9,4,7708502,8480170
Best-Otsu-Settings,Category-NA,False,0,360p,Traffic2,4,0.1,0.9,4,20680183,18080109
Best-Otsu-Settings,Category-NA,False,0,360p,Traffic3,4,0.1,0.9,4,7806182,3832443
Best-Otsu-Settings,Category-NA,False,0,360p,Traffic4,4,0.1,0.9,4,7204172,2655349
Best-Otsu-Settings,Category-NA,False,0,360p,Traffic5,4,0.1,0.9,4,5196125,3322372
Best-Otsu-Settings,Category-NA,False,0,360p,Traffic1,4,0.1,0.9,5,7708502,8114429
Best-Otsu-Settings,Category-NA,False,0,360p,Traffic2,4,0.1,0.9,5,20680183,17786642
Best-Otsu-Settings,Category-NA,False,0,360p,Traffic3,4,0.1,0.9,5,7806182,3849200
Best-Otsu-Settings,Category-NA,False,0,360p,Traffic4,4,0.1,0.9,5,7204172,2666209
Best-Otsu-Settings,Category-NA,False,0,360p,Traffic5,4,0.1,0.9,5,5196125,3272933
Best-Otsu-Settings,Category-NA,False,0,480p,Traffic1,4,0.1,0.9,3,12242792,14996385
Best-Otsu-Settings,Category-NA,False,0,480p,Traffic2,4,0.1,0.9,3,37820128,40830630
Best-Otsu-Settings,Category-NA,False,0,480p,Traffic3,4,0.1,0.9,3,12558393,11633531
Best-Otsu-Settings,Category-NA,False,0,480p,Traffic4,4,0.1,0.9,3,11127035,7865461
Best-Otsu-Settings,Category-NA,False,0,480p,Traffic5,4,0.1,0.9,3,8120337,7324417
Best-Otsu-Settings,Category-NA,False,0,480p,Traffic1,4,0.1,0.9,4,12242792,13563429
Best-Otsu-Settings,Category-NA,False,0,480p,Traffic2,4,0.1,0.9,4,37820128,31421903
Best-Otsu-Settings,Category-NA,False,0,480p,Traffic3,4,0.1,0.9,4,12558393,6953754
Best-Otsu-Settings,Category-NA,False,0,480p,Traffic4,4,0.1,0.9,4,11127035,4385740
Best-Otsu-Settings,Category-NA,False,0,480p,Traffic5,4,0.1,0.9,4,8120337,5543429
Best-Otsu-Settings,Category-NA,False,0,480p,Traffic1,4,0.1,0.9,5,12242792,12902734
Best-Otsu-Settings,Category-NA,False,0,480p,Traffic2,4,0.1,0.9,5,37820128,30930275
Best-Otsu-Settings,Category-NA,False,0,480p,Traffic3,4,0.1,0.9,5,12558393,7002830
Best-Otsu-Settings,Category-NA,False,0,480p,Traffic4,4,0.1,0.9,5,11127035,4374327
Best-Otsu-Settings,Category-NA,False,0,480p,Traffic5,4,0.1,0.9,5,8120337,5492973
Best-Otsu-Settings,Category-NA,False,10,120p,Traffic3,2,0.1,0.9,4,771679,464606
Best-Otsu-Settings,Category-NA,False,10,120p,Traffic4,2,0.1,0.9,4,772620,345457
Best-Otsu-Settings,Category-NA,False,10,120p,Traffic5,2,0.1,0.9,4,670191,496492
Best-Otsu-Settings,Category-NA,False,10,120p,Traffic3,2,0.1,0.9,5,771679,464665
Best-Otsu-Settings,Category-NA,False,10,120p,Traffic4,2,0.1,0.9,5,772620,345540
Best-Otsu-Settings,Category-NA,False,10,120p,Traffic5,2,0.1,0.9,5,670191,497174
Best-Otsu-Settings,Category-NA,False,10,120p,Traffic1,3,0.1,0.9,4,1113249,907894
Best-Otsu-Settings,Category-NA,False,10,120p,Traffic2,3,0.1,0.9,4,2314079,1523084
Best-Otsu-Settings,Category-NA,False,10,120p,Traffic1,3,0.1,0.9,5,1113249,907877
Best-Otsu-Settings,Category-NA,False,10,120p,Traffic2,3,0.1,0.9,5,2314079,1530454
Best-Otsu-Settings,Category-NA,False,10,120p,Traffic1,4,0.1,0.9,3,1113249,1086588
Best-Otsu-Settings,Category-NA,False,10,120p,Traffic2,4,0.1,0.9,3,2314079,1896055
Best-Otsu-Settings,Category-NA,False,10,120p,Traffic3,4,0.1,0.9,3,771679,485185
Best-Otsu-Settings,Category-NA,False,10,120p,Traffic4,4,0.1,0.9,3,772620,379328
Best-Otsu-Settings,Category-NA,False,10,120p,Traffic5,4,0.1,0.9,3,670191,532454
Best-Otsu-Settings,Category-NA,False,10,240p,Traffic3,3,0.1,0.9,4,3734983,2160049
Best-Otsu-Settings,Category-NA,False,10,240p,Traffic2,4,0.01,0.9,3,9326828,9246235
Best-Otsu-Settings,Category-NA,False,10,240p,Traffic1,4,0.1,0.9,3,4026900,4199511
Best-Otsu-Settings,Category-NA,False,10,240p,Traffic3,4,0.1,0.9,3,3734983,2695355
Best-Otsu-Settings,Category-NA,False,10,240p,Traffic4,4,0.1,0.9,3,3603704,1768011
Best-Otsu-Settings,Category-NA,False,10,240p,Traffic5,4,0.1,0.9,3,2681853,2111705
Best-Otsu-Settings,Category-NA,False,10,240p,Traffic1,4,0.1,0.9,4,4026900,3742619
Best-Otsu-Settings,Category-NA,False,10,240p,Traffic2,4,0.1,0.9,4,9326828,6817762
Best-Otsu-Settings,Category-NA,False,10,240p,Traffic4,4,0.1,0.9,4,3603704,1426470
Best-Otsu-Settings,Category-NA,False,10,240p,Traffic5,4,0.1,0.9,4,2681853,1887407
Best-Otsu-Settings,Category-NA,False,10,240p,Traffic1,4,0.1,0.9,5,4026900,3706496
Best-Otsu-Settings,Category-NA,False,10,240p,Traffic2,4,0.1,0.9,5,9326828,6846848
Best-Otsu-Settings,Category-NA,False,10,240p,Traffic3,4,0.1,0.9,5,3734983,2145052
Best-Otsu-Settings,Category-NA,False,10,240p,Traffic4,4,0.1,0.9,5,3603704,1429350
Best-Otsu-Settings,Category-NA,False,10,240p,Traffic5,4,0.1,0.9,5,2681853,1892989
Best-Otsu-Settings,Category-NA,False,10,360p,Traffic2,4,0.01,0.9,3,20680183,19623645
Best-Otsu-Settings,Category-NA,False,10,360p,Traffic1,4,0.1,0.9,3,7708502,8085185
Best-Otsu-Settings,Category-NA,False,10,360p,Traffic3,4,0.1,0.9,3,7806182,6090951
Best-Otsu-Settings,Category-NA,False,10,360p,Traffic4,4,0.1,0.9,3,7204172,3752117
Best-Otsu-Settings,Category-NA,False,10,360p,Traffic5,4,0.1,0.9,3,5196125,4118399
Best-Otsu-Settings,Category-NA,False,10,360p,Traffic1,4,0.1,0.9,4,7708502,7348843
Best-Otsu-Settings,Category-NA,False,10,360p,Traffic2,4,0.1,0.9,4,20680183,15284151
Best-Otsu-Settings,Category-NA,False,10,360p,Traffic3,4,0.1,0.9,4,7806182,4383280
Best-Otsu-Settings,Category-NA,False,10,360p,Traffic4,4,0.1,0.9,4,7204172,2882844
Best-Otsu-Settings,Category-NA,False,10,360p,Traffic5,4,0.1,0.9,4,5196125,3664574
Best-Otsu-Settings,Category-NA,False,10,360p,Traffic1,4,0.1,0.9,5,7708502,7220208
Best-Otsu-Settings,Category-NA,False,10,360p,Traffic2,4,0.1,0.9,5,20680183,15340580
Best-Otsu-Settings,Category-NA,False,10,360p,Traffic3,4,0.1,0.9,5,7806182,4400644
Best-Otsu-Settings,Category-NA,False,10,360p,Traffic4,4,0.1,0.9,5,7204172,2887055
Best-Otsu-Settings,Category-NA,False,10,360p,Traffic5,4,0.1,0.9,5,5196125,3682549
Best-Otsu-Settings,Category-NA,False,10,480p,Traffic1,4,0.1,0.9,3,12242792,12668804
Best-Otsu-Settings,Category-NA,False,10,480p,Traffic2,4,0.1,0.9,3,37820128,33738085
Best-Otsu-Settings,Category-NA,False,10,480p,Traffic3,4,0.1,0.9,3,12558393,10338190
Best-Otsu-Settings,Category-NA,False,10,480p,Traffic4,4,0.1,0.9,3,11127035,6497111
Best-Otsu-Settings,Category-NA,False,10,480p,Traffic5,4,0.1,0.9,3,8120337,6485953
Best-Otsu-Settings,Category-NA,False,10,480p,Traffic1,4,0.1,0.9,4,12242792,11631298
Best-Otsu-Settings,Category-NA,False,10,480p,Traffic2,4,0.1,0.9,4,37820128,27176907
Best-Otsu-Settings,Category-NA,False,10,480p,Traffic3,4,0.1,0.9,4,12558393,7190277
Best-Otsu-Settings,Category-NA,False,10,480p,Traffic4,4,0.1,0.9,4,11127035,4557733
Best-Otsu-Settings,Category-NA,False,10,480p,Traffic5,4,0.1,0.9,4,8120337,5731528
Best-Otsu-Settings,Category-NA,False,10,480p,Traffic1,4,0.1,0.9,5,12242792,11383594
Best-Otsu-Settings,Category-NA,False,10,480p,Traffic2,4,0.1,0.9,5,37820128,27207731
Best-Otsu-Settings,Category-NA,False,10,480p,Traffic3,4,0.1,0.9,5,12558393,7236725
Best-Otsu-Settings,Category-NA,False,10,480p,Traffic4,4,0.1,0.9,5,11127035,4553258
Best-Otsu-Settings,Category-NA,False,10,480p,Traffic5,4,0.1,0.9,5,8120337,5756853
Best-Otsu-Settings,Category-NA,False,20,120p,Traffic3,2,0.1,0.9,4,771679,409736
Best-Otsu-Settings,Category-NA,False,20,120p,Traffic4,2,0.1,0.9,4,772620,286365
Best-Otsu-Settings,Category-NA,False,20,120p,Traffic5,2,0.1,0.9,4,670191,456460
Best-Otsu-Settings,Category-NA,False,20,120p,Traffic3,2,0.1,0.9,5,771679,409765
Best-Otsu-Settings,Category-NA,False,20,120p,Traffic4,2,0.1,0.9,5,772620,286523
Best-Otsu-Settings,Category-NA,False,20,120p,Traffic5,2,0.1,0.9,5,670191,457309
Best-Otsu-Settings,Category-NA,False,20,120p,Traffic1,3,0.1,0.9,4,1113249,861114
Best-Otsu-Settings,Category-NA,False,20,120p,Traffic2,3,0.1,0.9,4,2314079,1398114
Best-Otsu-Settings,Category-NA,False,20,120p,Traffic1,3,0.1,0.9,5,1113249,863665
Best-Otsu-Settings,Category-NA,False,20,120p,Traffic2,3,0.1,0.9,5,2314079,1407783
Best-Otsu-Settings,Category-NA,False,20,120p,Traffic1,4,0.1,0.9,3,1113249,1070342
Best-Otsu-Settings,Category-NA,False,20,120p,Traffic2,4,0.1,0.9,3,2314079,1820835
Best-Otsu-Settings,Category-NA,False,20,120p,Traffic3,4,0.1,0.9,3,771679,433758
Best-Otsu-Settings,Category-NA,False,20,120p,Traffic4,4,0.1,0.9,3,772620,327249
Best-Otsu-Settings,Category-NA,False,20,120p,Traffic5,4,0.1,0.9,3,670191,498509
Best-Otsu-Settings,Category-NA,False,20,240p,Traffic3,3,0.1,0.9,4,3734983,1833416
Best-Otsu-Settings,Category-NA,False,20,240p,Traffic2,4,0.01,0.9,3,9326828,9233927
Best-Otsu-Settings,Category-NA,False,20,240p,Traffic1,4,0.1,0.9,3,4026900,4178678
Best-Otsu-Settings,Category-NA,False,20,240p,Traffic3,4,0.1,0.9,3,3734983,2424739
Best-Otsu-Settings,Category-NA,False,20,240p,Traffic4,4,0.1,0.9,3,3603704,1629952
Best-Otsu-Settings,Category-NA,False,20,240p,Traffic5,4,0.1,0.9,3,2681853,1991568
Best-Otsu-Settings,Category-NA,False,20,240p,Traffic1,4,0.1,0.9,4,4026900,3635250
Best-Otsu-Settings,Category-NA,False,20,240p,Traffic2,4,0.1,0.9,4,9326828,6424067
Best-Otsu-Settings,Category-NA,False,20,240p,Traffic4,4,0.1,0.9,4,3603704,1243722
Best-Otsu-Settings,Category-NA,False,20,240p,Traffic5,4,0.1,0.9,4,2681853,1731650
Best-Otsu-Settings,Category-NA,False,20,240p,Traffic1,4,0.1,0.9,5,4026900,3600315
Best-Otsu-Settings,Category-NA,False,20,240p,Traffic2,4,0.1,0.9,5,9326828,6462126
Best-Otsu-Settings,Category-NA,False,20,240p,Traffic3,4,0.1,0.9,5,3734983,1816071
Best-Otsu-Settings,Category-NA,False,20,240p,Traffic4,4,0.1,0.9,5,3603704,1247310
Best-Otsu-Settings,Category-NA,False,20,240p,Traffic5,4,0.1,0.9,5,2681853,1738338
Best-Otsu-Settings,Category-NA,False,20,360p,Traffic2,4,0.01,0.9,3,20680183,19490479
Best-Otsu-Settings,Category-NA,False,20,360p,Traffic1,4,0.1,0.9,3,7708502,8064393
Best-Otsu-Settings,Category-NA,False,20,360p,Traffic3,4,0.1,0.9,3,7806182,5628749
Best-Otsu-Settings,Category-NA,False,20,360p,Traffic4,4,0.1,0.9,3,7204172,3535394
Best-Otsu-Settings,Category-NA,False,20,360p,Traffic5,4,0.1,0.9,3,5196125,3913885
Best-Otsu-Settings,Category-NA,False,20,360p,Traffic1,4,0.1,0.9,4,7708502,7178884
Best-Otsu-Settings,Category-NA,False,20,360p,Traffic2,4,0.1,0.9,4,20680183,14472130
Best-Otsu-Settings,Category-NA,False,20,360p,Traffic3,4,0.1,0.9,4,7806182,3726872
Best-Otsu-Settings,Category-NA,False,20,360p,Traffic4,4,0.1,0.9,4,7204172,2558513
Best-Otsu-Settings,Category-NA,False,20,360p,Traffic5,4,0.1,0.9,4,5196125,3385432
Best-Otsu-Settings,Category-NA,False,20,360p,Traffic1,4,0.1,0.9,5,7708502,7047158
Best-Otsu-Settings,Category-NA,False,20,360p,Traffic2,4,0.1,0.9,5,20680183,14538683
Best-Otsu-Settings,Category-NA,False,20,360p,Traffic3,4,0.1,0.9,5,7806182,3746294
Best-Otsu-Settings,Category-NA,False,20,360p,Traffic4,4,0.1,0.9,5,7204172,2567348
Best-Otsu-Settings,Category-NA,False,20,360p,Traffic5,4,0.1,0.9,5,5196125,3405038
Best-Otsu-Settings,Category-NA,False,20,480p,Traffic1,4,0.1,0.9,3,12242792,12634295
Best-Otsu-Settings,Category-NA,False,20,480p,Traffic2,4,0.1,0.9,3,37820128,32991956
Best-Otsu-Settings,Category-NA,False,20,480p,Traffic3,4,0.1,0.9,3,12558393,9739127
Best-Otsu-Settings,Category-NA,False,20,480p,Traffic4,4,0.1,0.9,3,11127035,6241250
Best-Otsu-Settings,Category-NA,False,20,480p,Traffic5,4,0.1,0.9,3,8120337,6193838
Best-Otsu-Settings,Category-NA,False,20,480p,Traffic1,4,0.1,0.9,4,12242792,11392084
Best-Otsu-Settings,Category-NA,False,20,480p,Traffic2,4,0.1,0.9,4,37820128,25646786
Best-Otsu-Settings,Category-NA,False,20,480p,Traffic3,4,0.1,0.9,4,12558393,6224186
Best-Otsu-Settings,Category-NA,False,20,480p,Traffic4,4,0.1,0.9,4,11127035,4100614
Best-Otsu-Settings,Category-NA,False,20,480p,Traffic5,4,0.1,0.9,4,8120337,5323751
Best-Otsu-Settings,Category-NA,False,20,480p,Traffic1,4,0.1,0.9,5,12242792,11127986
Best-Otsu-Settings,Category-NA,False,20,480p,Traffic2,4,0.1,0.9,5,37820128,25702481
Best-Otsu-Settings,Category-NA,False,20,480p,Traffic3,4,0.1,0.9,5,12558393,6285818
Best-Otsu-Settings,Category-NA,False,20,480p,Traffic4,4,0.1,0.9,5,11127035,4102115
Best-Otsu-Settings,Category-NA,False,20,480p,Traffic5,4,0.1,0.9,5,8120337,5353188
Best-Otsu-Settings,Category-NA,False,30,120p,Traffic3,2,0.1,0.9,4,771679,374346
Best-Otsu-Settings,Category-NA,False,30,120p,Traffic4,2,0.1,0.9,4,772620,262119
Best-Otsu-Settings,Category-NA,False,30,120p,Traffic5,2,0.1,0.9,4,670191,436833
Best-Otsu-Settings,Category-NA,False,30,120p,Traffic3,2,0.1,0.9,5,771679,374425
Best-Otsu-Settings,Category-NA,False,30,120p,Traffic4,2,0.1,0.9,5,772620,262319
Best-Otsu-Settings,Category-NA,False,30,120p,Traffic5,2,0.1,0.9,5,670191,438075
Best-Otsu-Settings,Category-NA,False,30,120p,Traffic1,3,0.1,0.9,4,1113249,839409
Best-Otsu-Settings,Category-NA,False,30,120p,Traffic2,3,0.1,0.9,4,2314079,1344119
Best-Otsu-Settings,Category-NA,False,30,120p,Traffic1,3,0.1,0.9,5,1113249,842085
Best-Otsu-Settings,Category-NA,False,30,120p,Traffic2,3,0.1,0.9,5,2314079,1355198
Best-Otsu-Settings,Category-NA,False,30,120p,Traffic1,4,0.1,0.9,3,1113249,1060079
Best-Otsu-Settings,Category-NA,False,30,120p,Traffic2,4,0.1,0.9,3,2314079,1795622
Best-Otsu-Settings,Category-NA,False,30,120p,Traffic3,4,0.1,0.9,3,771679,402289
Best-Otsu-Settings,Category-NA,False,30,120p,Traffic4,4,0.1,0.9,3,772620,305954
Best-Otsu-Settings,Category-NA,False,30,120p,Traffic5,4,0.1,0.9,3,670191,482512
Best-Otsu-Settings,Category-NA,False,30,240p,Traffic3,3,0.1,0.9,4,3734983,1679415
Best-Otsu-Settings,Category-NA,False,30,240p,Traffic2,4,0.01,0.9,3,9326828,9255747
Best-Otsu-Settings,Category-NA,False,30,240p,Traffic1,4,0.1,0.9,3,4026900,4158666
Best-Otsu-Settings,Category-NA,False,30,240p,Traffic3,4,0.1,0.9,3,3734983,2314701
Best-Otsu-Settings,Category-NA,False,30,240p,Traffic4,4,0.1,0.9,3,3603704,1566502
Best-Otsu-Settings,Category-NA,False,30,240p,Traffic5,4,0.1,0.9,3,2681853,1935779
Best-Otsu-Settings,Category-NA,False,30,240p,Traffic1,4,0.1,0.9,4,4026900,3575898
Best-Otsu-Settings,Category-NA,False,30,240p,Traffic2,4,0.1,0.9,4,9326828,6266052
Best-Otsu-Settings,Category-NA,False,30,240p,Traffic4,4,0.1,0.9,4,3603704,1161947
Best-Otsu-Settings,Category-NA,False,30,240p,Traffic5,4,0.1,0.9,4,2681853,1661568
Best-Otsu-Settings,Category-NA,False,30,240p,Traffic1,4,0.1,0.9,5,4026900,3543537
Best-Otsu-Settings,Category-NA,False,30,240p,Traffic2,4,0.1,0.9,5,9326828,6307256
Best-Otsu-Settings,Category-NA,False,30,240p,Traffic3,4,0.1,0.9,5,3734983,1661685
Best-Otsu-Settings,Category-NA,False,30,240p,Traffic4,4,0.1,0.9,5,3603704,1166058
Best-Otsu-Settings,Category-NA,False,30,240p,Traffic5,4,0.1,0.9,5,2681853,1669201
Best-Otsu-Settings,Category-NA,False,30,360p,Traffic2,4,0.01,0.9,3,20680183,19499802
Best-Otsu-Settings,Category-NA,False,30,360p,Traffic1,4,0.1,0.9,3,7708502,8048687
Best-Otsu-Settings,Category-NA,False,30,360p,Traffic3,4,0.1,0.9,3,7806182,5454139
Best-Otsu-Settings,Category-NA,False,30,360p,Traffic4,4,0.1,0.9,3,7204172,3430922
Best-Otsu-Settings,Category-NA,False,30,360p,Traffic5,4,0.1,0.9,3,5196125,3820505
Best-Otsu-Settings,Category-NA,False,30,360p,Traffic1,4,0.1,0.9,4,7708502,7108595
Best-Otsu-Settings,Category-NA,False,30,360p,Traffic2,4,0.1,0.9,4,20680183,14142508
Best-Otsu-Settings,Category-NA,False,30,360p,Traffic3,4,0.1,0.9,4,7806182,3435323
Best-Otsu-Settings,Category-NA,False,30,360p,Traffic4,4,0.1,0.9,4,7204172,2417313
Best-Otsu-Settings,Category-NA,False,30,360p,Traffic5,4,0.1,0.9,4,5196125,3261828
Best-Otsu-Settings,Category-NA,False,30,360p,Traffic1,4,0.1,0.9,5,7708502,6976966
Best-Otsu-Settings,Category-NA,False,30,360p,Traffic2,4,0.1,0.9,5,20680183,14217604
Best-Otsu-Settings,Category-NA,False,30,360p,Traffic3,4,0.1,0.9,5,7806182,3459088
Best-Otsu-Settings,Category-NA,False,30,360p,Traffic4,4,0.1,0.9,5,7204172,2427451
Best-Otsu-Settings,Category-NA,False,30,360p,Traffic5,4,0.1,0.9,5,5196125,3282013
Best-Otsu-Settings,Category-NA,False,30,480p,Traffic1,4,0.1,0.9,3,12242792,12607979
Best-Otsu-Settings,Category-NA,False,30,480p,Traffic2,4,0.1,0.9,3,37820128,32759190
Best-Otsu-Settings,Category-NA,False,30,480p,Traffic3,4,0.1,0.9,3,12558393,9541330
Best-Otsu-Settings,Category-NA,False,30,480p,Traffic4,4,0.1,0.9,3,11127035,6127808
Best-Otsu-Settings,Category-NA,False,30,480p,Traffic5,4,0.1,0.9,3,8120337,6056967
Best-Otsu-Settings,Category-NA,False,30,480p,Traffic1,4,0.1,0.9,4,12242792,11291452
Best-Otsu-Settings,Category-NA,False,30,480p,Traffic2,4,0.1,0.9,4,37820128,25011938
Best-Otsu-Settings,Category-NA,False,30,480p,Traffic3,4,0.1,0.9,4,12558393,5812088
Best-Otsu-Settings,Category-NA,False,30,480p,Traffic4,4,0.1,0.9,4,11127035,3896634
Best-Otsu-Settings,Category-NA,False,30,480p,Traffic5,4,0.1,0.9,4,8120337,5128047
Best-Otsu-Settings,Category-NA,False,30,480p,Traffic1,4,0.1,0.9,5,12242792,11021374
Best-Otsu-Settings,Category-NA,False,30,480p,Traffic2,4,0.1,0.9,5,37820128,25067606
Best-Otsu-Settings,Category-NA,False,30,480p,Traffic3,4,0.1,0.9,5,12558393,5880692
Best-Otsu-Settings,Category-NA,False,30,480p,Traffic4,4,0.1,0.9,5,11127035,3901614
Best-Otsu-Settings,Category-NA,False,30,480p,Traffic5,4,0.1,0.9,5,8120337,5155627
Best-Otsu-Settings,Category-NA,True,0,120p,Traffic3,2,0.1,0.9,4,771679,341989
Best-Otsu-Settings,Category-NA,True,0,120p,Traffic4,2,0.1,0.9,4,772620,236140
Best-Otsu-Settings,Category-NA,True,0,120p,Traffic5,2,0.1,0.9,4,670191,373192
Best-Otsu-Settings,Category-NA,True,0,120p,Traffic3,2,0.1,0.9,5,771679,341989
Best-Otsu-Settings,Category-NA,True,0,120p,Traffic4,2,0.1,0.9,5,772620,236140
Best-Otsu-Settings,Category-NA,True,0,120p,Traffic5,2,0.1,0.9,5,670191,387163
Best-Otsu-Settings,Category-NA,True,0,120p,Traffic1,3,0.1,0.9,4,1113249,778407
Best-Otsu-Settings,Category-NA,True,0,120p,Traffic2,3,0.1,0.9,4,2314079,1296240
Best-Otsu-Settings,Category-NA,True,0,120p,Traffic1,3,0.1,0.9,5,1113249,786420
Best-Otsu-Settings,Category-NA,True,0,120p,Traffic2,3,0.1,0.9,5,2314079,1323892
Best-Otsu-Settings,Category-NA,True,0,120p,Traffic1,4,0.1,0.9,3,1113249,933747
Best-Otsu-Settings,Category-NA,True,0,120p,Traffic2,4,0.1,0.9,3,2314079,1529125
Best-Otsu-Settings,Category-NA,True,0,120p,Traffic3,4,0.1,0.9,3,771679,343354
Best-Otsu-Settings,Category-NA,True,0,120p,Traffic4,4,0.1,0.9,3,772620,236140
Best-Otsu-Settings,Category-NA,True,0,120p,Traffic5,4,0.1,0.9,3,670191,387622
Best-Otsu-Settings,Category-NA,True,0,240p,Traffic3,3,0.1,0.9,4,3734983,1508409
Best-Otsu-Settings,Category-NA,True,0,240p,Traffic2,4,0.01,0.9,3,9326828,10087644
Best-Otsu-Settings,Category-NA,True,0,240p,Traffic1,4,0.1,0.9,3,4026900,4320375
Best-Otsu-Settings,Category-NA,True,0,240p,Traffic3,4,0.1,0.9,3,3734983,1718974
Best-Otsu-Settings,Category-NA,True,0,240p,Traffic4,4,0.1,0.9,3,3603704,1313400
Best-Otsu-Settings,Category-NA,True,0,240p,Traffic5,4,0.1,0.9,3,2681853,1626603
Best-Otsu-Settings,Category-NA,True,0,240p,Traffic1,4,0.1,0.9,4,4026900,3790163
Best-Otsu-Settings,Category-NA,True,0,240p,Traffic2,4,0.1,0.9,4,9326828,6919764
Best-Otsu-Settings,Category-NA,True,0,240p,Traffic4,4,0.1,0.9,4,3603704,1025796
Best-Otsu-Settings,Category-NA,True,0,240p,Traffic5,4,0.1,0.9,4,2681853,1365661
Best-Otsu-Settings,Category-NA,True,0,240p,Traffic1,4,0.1,0.9,5,4026900,3756618
Best-Otsu-Settings,Category-NA,True,0,240p,Traffic2,4,0.1,0.9,5,9326828,6981253
Best-Otsu-Settings,Category-NA,True,0,240p,Traffic3,4,0.1,0.9,5,3734983,1508358
Best-Otsu-Settings,Category-NA,True,0,240p,Traffic4,4,0.1,0.9,5,3603704,1052241
Best-Otsu-Settings,Category-NA,True,0,240p,Traffic5,4,0.1,0.9,5,2681853,1366120
Best-Otsu-Settings,Category-NA,True,0,360p,Traffic2,4,0.01,0.9,3,20680183,21731941
Best-Otsu-Settings,Category-NA,True,0,360p,Traffic1,4,0.1,0.9,3,7708502,8667294
Best-Otsu-Settings,Category-NA,True,0,360p,Traffic3,4,0.1,0.9,3,7806182,4150425
Best-Otsu-Settings,Category-NA,True,0,360p,Traffic4,4,0.1,0.9,3,7204172,2980388
Best-Otsu-Settings,Category-NA,True,0,360p,Traffic5,4,0.1,0.9,3,5196125,3380910
Best-Otsu-Settings,Category-NA,True,0,360p,Traffic1,4,0.1,0.9,4,7708502,7805112
Best-Otsu-Settings,Category-NA,True,0,360p,Traffic2,4,0.1,0.9,4,20680183,15906600
Best-Otsu-Settings,Category-NA,True,0,360p,Traffic3,4,0.1,0.9,4,7806182,3212090
Best-Otsu-Settings,Category-NA,True,0,360p,Traffic4,4,0.1,0.9,4,7204172,2362602
Best-Otsu-Settings,Category-NA,True,0,360p,Traffic5,4,0.1,0.9,4,5196125,2620470
Best-Otsu-Settings,Category-NA,True,0,360p,Traffic1,4,0.1,0.9,5,7708502,7630899
Best-Otsu-Settings,Category-NA,True,0,360p,Traffic2,4,0.1,0.9,5,20680183,15958754
Best-Otsu-Settings,Category-NA,True,0,360p,Traffic3,4,0.1,0.9,5,7806182,3313365
Best-Otsu-Settings,Category-NA,True,0,360p,Traffic4,4,0.1,0.9,5,7204172,2432758
Best-Otsu-Settings,Category-NA,True,0,360p,Traffic5,4,0.1,0.9,5,5196125,2697063
Best-Otsu-Settings,Category-NA,True,0,480p,Traffic1,4,0.1,0.9,3,12242792,13769447
Best-Otsu-Settings,Category-NA,True,0,480p,Traffic2,4,0.1,0.9,3,37820128,35399991
Best-Otsu-Settings,Category-NA,True,0,480p,Traffic3,4,0.1,0.9,3,12558393,8000142
Best-Otsu-Settings,Category-NA,True,0,480p,Traffic4,4,0.1,0.9,3,11127035,5086860
Best-Otsu-Settings,Category-NA,True,0,480p,Traffic5,4,0.1,0.9,3,8120337,5542184
Best-Otsu-Settings,Category-NA,True,0,480p,Traffic1,4,0.1,0.9,4,12242792,12638748
Best-Otsu-Settings,Category-NA,True,0,480p,Traffic2,4,0.1,0.9,4,37820128,27990967
Best-Otsu-Settings,Category-NA,True,0,480p,Traffic3,4,0.1,0.9,4,12558393,5547883
Best-Otsu-Settings,Category-NA,True,0,480p,Traffic4,4,0.1,0.9,4,11127035,4078602
Best-Otsu-Settings,Category-NA,True,0,480p,Traffic5,4,0.1,0.9,4,8120337,4260612
Best-Otsu-Settings,Category-NA,True,0,480p,Traffic1,4,0.1,0.9,5,12242792,12230618
Best-Otsu-Settings,Category-NA,True,0,480p,Traffic2,4,0.1,0.9,5,37820128,28173849
Best-Otsu-Settings,Category-NA,True,0,480p,Traffic3,4,0.1,0.9,5,12558393,5721208
Best-Otsu-Settings,Category-NA,True,0,480p,Traffic4,4,0.1,0.9,5,11127035,4146601
Best-Otsu-Settings,Category-NA,True,0,480p,Traffic5,4,0.1,0.9,5,8120337,4498017
Best-Otsu-Settings,Category-NA,True,10,120p,Traffic3,2,0.1,0.9,4,771679,464369
Best-Otsu-Settings,Category-NA,True,10,120p,Traffic4,2,0.1,0.9,4,772620,344975
Best-Otsu-Settings,Category-NA,True,10,120p,Traffic5,2,0.1,0.9,4,670191,486721
Best-Otsu-Settings,Category-NA,True,10,120p,Traffic3,2,0.1,0.9,5,771679,464369
Best-Otsu-Settings,Category-NA,True,10,120p,Traffic4,2,0.1,0.9,5,772620,344975
Best-Otsu-Settings,Category-NA,True,10,120p,Traffic5,2,0.1,0.9,5,670191,486945
Best-Otsu-Settings,Category-NA,True,10,120p,Traffic1,3,0.1,0.9,4,1113249,769613
Best-Otsu-Settings,Category-NA,True,10,120p,Traffic2,3,0.1,0.9,4,2314079,1401935
Best-Otsu-Settings,Category-NA,True,10,120p,Traffic1,3,0.1,0.9,5,1113249,796516
Best-Otsu-Settings,Category-NA,True,10,120p,Traffic2,3,0.1,0.9,5,2314079,1421627
Best-Otsu-Settings,Category-NA,True,10,120p,Traffic1,4,0.1,0.9,3,1113249,883226
Best-Otsu-Settings,Category-NA,True,10,120p,Traffic2,4,0.1,0.9,3,2314079,1507015
Best-Otsu-Settings,Category-NA,True,10,120p,Traffic3,4,0.1,0.9,3,771679,464369
Best-Otsu-Settings,Category-NA,True,10,120p,Traffic4,4,0.1,0.9,3,772620,344975
Best-Otsu-Settings,Category-NA,True,10,120p,Traffic5,4,0.1,0.9,3,670191,487026
Best-Otsu-Settings,Category-NA,True,10,240p,Traffic3,3,0.1,0.9,4,3734983,2103678
Best-Otsu-Settings,Category-NA,True,10,240p,Traffic2,4,0.01,0.9,3,9326828,8889322
Best-Otsu-Settings,Category-NA,True,10,240p,Traffic1,4,0.1,0.9,3,4026900,3895180
Best-Otsu-Settings,Category-NA,True,10,240p,Traffic3,4,0.1,0.9,3,3734983,2157333
Best-Otsu-Settings,Category-NA,True,10,240p,Traffic4,4,0.1,0.9,3,3603704,1470476
Best-Otsu-Settings,Category-NA,True,10,240p,Traffic5,4,0.1,0.9,3,2681853,1852872
Best-Otsu-Settings,Category-NA,True,10,240p,Traffic1,4,0.1,0.9,4,4026900,3501388
Best-Otsu-Settings,Category-NA,True,10,240p,Traffic2,4,0.1,0.9,4,9326828,6338379
Best-Otsu-Settings,Category-NA,True,10,240p,Traffic4,4,0.1,0.9,4,3603704,1361913
Best-Otsu-Settings,Category-NA,True,10,240p,Traffic5,4,0.1,0.9,4,2681853,1796602
Best-Otsu-Settings,Category-NA,True,10,240p,Traffic1,4,0.1,0.9,5,4026900,3528029
Best-Otsu-Settings,Category-NA,True,10,240p,Traffic2,4,0.1,0.9,5,9326828,6444983
Best-Otsu-Settings,Category-NA,True,10,240p,Traffic3,4,0.1,0.9,5,3734983,2103653
Best-Otsu-Settings,Category-NA,True,10,240p,Traffic4,4,0.1,0.9,5,3603704,1369127
Best-Otsu-Settings,Category-NA,True,10,240p,Traffic5,4,0.1,0.9,5,2681853,1809580
Best-Otsu-Settings,Category-NA,True,10,360p,Traffic2,4,0.01,0.9,3,20680183,19052855
Best-Otsu-Settings,Category-NA,True,10,360p,Traffic1,4,0.1,0.9,3,7708502,7616562
Best-Otsu-Settings,Category-NA,True,10,360p,Traffic3,4,0.1,0.9,3,7806182,4557834
Best-Otsu-Settings,Category-NA,True,10,360p,Traffic4,4,0.1,0.9,3,7204172,3032921
Best-Otsu-Settings,Category-NA,True,10,360p,Traffic5,4,0.1,0.9,3,5196125,3675489
Best-Otsu-Settings,Category-NA,True,10,360p,Traffic1,4,0.1,0.9,4,7708502,6981118
Best-Otsu-Settings,Category-NA,True,10,360p,Traffic2,4,0.1,0.9,4,20680183,14258049
Best-Otsu-Settings,Category-NA,True,10,360p,Traffic3,4,0.1,0.9,4,7806182,4180912
Best-Otsu-Settings,Category-NA,True,10,360p,Traffic4,4,0.1,0.9,4,7204172,2715873
Best-Otsu-Settings,Category-NA,True,10,360p,Traffic5,4,0.1,0.9,4,5196125,3473751
Best-Otsu-Settings,Category-NA,True,10,360p,Traffic1,4,0.1,0.9,5,7708502,6954665
Best-Otsu-Settings,Category-NA,True,10,360p,Traffic2,4,0.1,0.9,5,20680183,14495097
Best-Otsu-Settings,Category-NA,True,10,360p,Traffic3,4,0.1,0.9,5,7806182,4209950
Best-Otsu-Settings,Category-NA,True,10,360p,Traffic4,4,0.1,0.9,5,7204172,2743875
Best-Otsu-Settings,Category-NA,True,10,360p,Traffic5,4,0.1,0.9,5,5196125,3511795
Best-Otsu-Settings,Category-NA,True,10,480p,Traffic1,4,0.1,0.9,3,12242792,11963492
Best-Otsu-Settings,Category-NA,True,10,480p,Traffic2,4,0.1,0.9,3,37820128,30013129
Best-Otsu-Settings,Category-NA,True,10,480p,Traffic3,4,0.1,0.9,3,12558393,7895038
Best-Otsu-Settings,Category-NA,True,10,480p,Traffic4,4,0.1,0.9,3,11127035,4929816
Best-Otsu-Settings,Category-NA,True,10,480p,Traffic5,4,0.1,0.9,3,8120337,5808193
Best-Otsu-Settings,Category-NA,True,10,480p,Traffic1,4,0.1,0.9,4,12242792,11094882
Best-Otsu-Settings,Category-NA,True,10,480p,Traffic2,4,0.1,0.9,4,37820128,25470741
Best-Otsu-Settings,Category-NA,True,10,480p,Traffic3,4,0.1,0.9,4,12558393,6636825
Best-Otsu-Settings,Category-NA,True,10,480p,Traffic4,4,0.1,0.9,4,11127035,4349210
Best-Otsu-Settings,Category-NA,True,10,480p,Traffic5,4,0.1,0.9,4,8120337,5444554
Best-Otsu-Settings,Category-NA,True,10,480p,Traffic1,4,0.1,0.9,5,12242792,11011228
Best-Otsu-Settings,Category-NA,True,10,480p,Traffic2,4,0.1,0.9,5,37820128,25811290
Best-Otsu-Settings,Category-NA,True,10,480p,Traffic3,4,0.1,0.9,5,12558393,6719187
Best-Otsu-Settings,Category-NA,True,10,480p,Traffic4,4,0.1,0.9,5,11127035,4402844
Best-Otsu-Settings,Category-NA,True,10,480p,Traffic5,4,0.1,0.9,5,8120337,5508211
Best-Otsu-Settings,Category-NA,True,20,120p,Traffic3,2,0.1,0.9,4,771679,409326
Best-Otsu-Settings,Category-NA,True,20,120p,Traffic4,2,0.1,0.9,4,772620,285406
Best-Otsu-Settings,Category-NA,True,20,120p,Traffic5,2,0.1,0.9,4,670191,444560
Best-Otsu-Settings,Category-NA,True,20,120p,Traffic3,2,0.1,0.9,5,771679,409326
Best-Otsu-Settings,Category-NA,True,20,120p,Traffic4,2,0.1,0.9,5,772620,285406
Best-Otsu-Settings,Category-NA,True,20,120p,Traffic5,2,0.1,0.9,5,670191,444986
Best-Otsu-Settings,Category-NA,True,20,120p,Traffic1,3,0.1,0.9,4,1113249,705679
Best-Otsu-Settings,Category-NA,True,20,120p,Traffic2,3,0.1,0.9,4,2314079,1257715
Best-Otsu-Settings,Category-NA,True,20,120p,Traffic1,3,0.1,0.9,5,1113249,738142
Best-Otsu-Settings,Category-NA,True,20,120p,Traffic2,3,0.1,0.9,5,2314079,1282259
Best-Otsu-Settings,Category-NA,True,20,120p,Traffic1,4,0.1,0.9,3,1113249,837737
Best-Otsu-Settings,Category-NA,True,20,120p,Traffic2,4,0.1,0.9,3,2314079,1381843
Best-Otsu-Settings,Category-NA,True,20,120p,Traffic3,4,0.1,0.9,3,771679,409343
Best-Otsu-Settings,Category-NA,True,20,120p,Traffic4,4,0.1,0.9,3,772620,285406
Best-Otsu-Settings,Category-NA,True,20,120p,Traffic5,4,0.1,0.9,3,670191,444856
Best-Otsu-Settings,Category-NA,True,20,240p,Traffic3,3,0.1,0.9,4,3734983,1771324
Best-Otsu-Settings,Category-NA,True,20,240p,Traffic2,4,0.01,0.9,3,9326828,8814156
Best-Otsu-Settings,Category-NA,True,20,240p,Traffic1,4,0.1,0.9,3,4026900,3833391
Best-Otsu-Settings,Category-NA,True,20,240p,Traffic3,4,0.1,0.9,3,3734983,1834150
Best-Otsu-Settings,Category-NA,True,20,240p,Traffic4,4,0.1,0.9,3,3603704,1294681
Best-Otsu-Settings,Category-NA,True,20,240p,Traffic5,4,0.1,0.9,3,2681853,1695543
Best-Otsu-Settings,Category-NA,True,20,240p,Traffic1,4,0.1,0.9,4,4026900,3362857
Best-Otsu-Settings,Category-NA,True,20,240p,Traffic2,4,0.1,0.9,4,9326828,5893131
Best-Otsu-Settings,Category-NA,True,20,240p,Traffic4,4,0.1,0.9,4,3603704,1169716
Best-Otsu-Settings,Category-NA,True,20,240p,Traffic5,4,0.1,0.9,4,2681853,1628710
Best-Otsu-Settings,Category-NA,True,20,240p,Traffic1,4,0.1,0.9,5,4026900,3400767
Best-Otsu-Settings,Category-NA,True,20,240p,Traffic2,4,0.1,0.9,5,9326828,6015186
Best-Otsu-Settings,Category-NA,True,20,240p,Traffic3,4,0.1,0.9,5,3734983,1771568
Best-Otsu-Settings,Category-NA,True,20,240p,Traffic4,4,0.1,0.9,5,3603704,1178299
Best-Otsu-Settings,Category-NA,True,20,240p,Traffic5,4,0.1,0.9,5,2681853,1642874
Best-Otsu-Settings,Category-NA,True,20,360p,Traffic2,4,0.01,0.9,3,20680183,18818499
Best-Otsu-Settings,Category-NA,True,20,360p,Traffic1,4,0.1,0.9,3,7708502,7529212
Best-Otsu-Settings,Category-NA,True,20,360p,Traffic3,4,0.1,0.9,3,7806182,3932947
Best-Otsu-Settings,Category-NA,True,20,360p,Traffic4,4,0.1,0.9,3,7204172,2734567
Best-Otsu-Settings,Category-NA,True,20,360p,Traffic5,4,0.1,0.9,3,5196125,3397956
Best-Otsu-Settings,Category-NA,True,20,360p,Traffic1,4,0.1,0.9,4,7708502,6765170
Best-Otsu-Settings,Category-NA,True,20,360p,Traffic2,4,0.1,0.9,4,20680183,13334006
Best-Otsu-Settings,Category-NA,True,20,360p,Traffic3,4,0.1,0.9,4,7806182,3503476
Best-Otsu-Settings,Category-NA,True,20,360p,Traffic4,4,0.1,0.9,4,7204172,2375397
Best-Otsu-Settings,Category-NA,True,20,360p,Traffic5,4,0.1,0.9,4,5196125,3169614
Best-Otsu-Settings,Category-NA,True,20,360p,Traffic1,4,0.1,0.9,5,7708502,6747622
Best-Otsu-Settings,Category-NA,True,20,360p,Traffic2,4,0.1,0.9,5,20680183,13598118
Best-Otsu-Settings,Category-NA,True,20,360p,Traffic3,4,0.1,0.9,5,7806182,3537794
Best-Otsu-Settings,Category-NA,True,20,360p,Traffic4,4,0.1,0.9,5,7204172,2406449
Best-Otsu-Settings,Category-NA,True,20,360p,Traffic5,4,0.1,0.9,5,5196125,3213165
Best-Otsu-Settings,Category-NA,True,20,480p,Traffic1,4,0.1,0.9,3,12242792,11838675
Best-Otsu-Settings,Category-NA,True,20,480p,Traffic2,4,0.1,0.9,3,37820128,28870883
Best-Otsu-Settings,Category-NA,True,20,480p,Traffic3,4,0.1,0.9,3,12558393,7031177
Best-Otsu-Settings,Category-NA,True,20,480p,Traffic4,4,0.1,0.9,3,11127035,4520211
Best-Otsu-Settings,Category-NA,True,20,480p,Traffic5,4,0.1,0.9,3,8120337,5410739
Best-Otsu-Settings,Category-NA,True,20,480p,Traffic1,4,0.1,0.9,4,12242792,10787692
Best-Otsu-Settings,Category-NA,True,20,480p,Traffic2,4,0.1,0.9,4,37820128,23766890
Best-Otsu-Settings,Category-NA,True,20,480p,Traffic3,4,0.1,0.9,4,12558393,5625505
Best-Otsu-Settings,Category-NA,True,20,480p,Traffic4,4,0.1,0.9,4,11127035,3870939
Best-Otsu-Settings,Category-NA,True,20,480p,Traffic5,4,0.1,0.9,4,8120337,4996473
Best-Otsu-Settings,Category-NA,True,20,480p,Traffic1,4,0.1,0.9,5,12242792,10711610
Best-Otsu-Settings,Category-NA,True,20,480p,Traffic2,4,0.1,0.9,5,37820128,24164113
Best-Otsu-Settings,Category-NA,True,20,480p,Traffic3,4,0.1,0.9,5,12558393,5718383
Best-Otsu-Settings,Category-NA,True,20,480p,Traffic4,4,0.1,0.9,5,11127035,3931626
Best-Otsu-Settings,Category-NA,True,20,480p,Traffic5,4,0.1,0.9,5,8120337,5068521
Best-Otsu-Settings,Category-NA,True,30,120p,Traffic3,2,0.1,0.9,4,771679,374079
Best-Otsu-Settings,Category-NA,True,30,120p,Traffic4,2,0.1,0.9,4,772620,260959
Best-Otsu-Settings,Category-NA,True,30,120p,Traffic5,2,0.1,0.9,4,670191,424374
Best-Otsu-Settings,Category-NA,True,30,120p,Traffic3,2,0.1,0.9,5,771679,374079
Best-Otsu-Settings,Category-NA,True,30,120p,Traffic4,2,0.1,0.9,5,772620,260959
Best-Otsu-Settings,Category-NA,True,30,120p,Traffic5,2,0.1,0.9,5,670191,424931
Best-Otsu-Settings,Category-NA,True,30,120p,Traffic1,3,0.1,0.9,4,1113249,679601
Best-Otsu-Settings,Category-NA,True,30,120p,Traffic2,3,0.1,0.9,4,2314079,1196176
Best-Otsu-Settings,Category-NA,True,30,120p,Traffic1,3,0.1,0.9,5,1113249,711962
Best-Otsu-Settings,Category-NA,True,30,120p,Traffic2,3,0.1,0.9,5,2314079,1222116
Best-Otsu-Settings,Category-NA,True,30,120p,Traffic1,4,0.1,0.9,3,1113249,817082
Best-Otsu-Settings,Category-NA,True,30,120p,Traffic2,4,0.1,0.9,3,2314079,1326396
Best-Otsu-Settings,Category-NA,True,30,120p,Traffic3,4,0.1,0.9,3,771679,374130
Best-Otsu-Settings,Category-NA,True,30,120p,Traffic4,4,0.1,0.9,3,772620,260959
Best-Otsu-Settings,Category-NA,True,30,120p,Traffic5,4,0.1,0.9,3,670191,424886
Best-Otsu-Settings,Category-NA,True,30,240p,Traffic3,3,0.1,0.9,4,3734983,1611283
Best-Otsu-Settings,Category-NA,True,30,240p,Traffic2,4,0.01,0.9,3,9326828,8807568
Best-Otsu-Settings,Category-NA,True,30,240p,Traffic1,4,0.1,0.9,3,4026900,3796030
Best-Otsu-Settings,Category-NA,True,30,240p,Traffic3,4,0.1,0.9,3,3734983,1681844
Best-Otsu-Settings,Category-NA,True,30,240p,Traffic4,4,0.1,0.9,3,3603704,1214213
Best-Otsu-Settings,Category-NA,True,30,240p,Traffic5,4,0.1,0.9,3,2681853,1622267
Best-Otsu-Settings,Category-NA,True,30,240p,Traffic1,4,0.1,0.9,4,4026900,3295140
Best-Otsu-Settings,Category-NA,True,30,240p,Traffic2,4,0.1,0.9,4,9326828,5702698
Best-Otsu-Settings,Category-NA,True,30,240p,Traffic4,4,0.1,0.9,4,3603704,1081262
Best-Otsu-Settings,Category-NA,True,30,240p,Traffic5,4,0.1,0.9,4,2681853,1552418
Best-Otsu-Settings,Category-NA,True,30,240p,Traffic1,4,0.1,0.9,5,4026900,3333839
Best-Otsu-Settings,Category-NA,True,30,240p,Traffic2,4,0.1,0.9,5,9326828,5835147
Best-Otsu-Settings,Category-NA,True,30,240p,Traffic3,4,0.1,0.9,5,3734983,1611318
Best-Otsu-Settings,Category-NA,True,30,240p,Traffic4,4,0.1,0.9,5,3603704,1091087
Best-Otsu-Settings,Category-NA,True,30,240p,Traffic5,4,0.1,0.9,5,2681853,1567488
Best-Otsu-Settings,Category-NA,True,30,360p,Traffic2,4,0.01,0.9,3,20680183,18764733
Best-Otsu-Settings,Category-NA,True,30,360p,Traffic1,4,0.1,0.9,3,7708502,7483260
Best-Otsu-Settings,Category-NA,True,30,360p,Traffic3,4,0.1,0.9,3,7806182,3662332
Best-Otsu-Settings,Category-NA,True,30,360p,Traffic4,4,0.1,0.9,3,7204172,2602424
Best-Otsu-Settings,Category-NA,True,30,360p,Traffic5,4,0.1,0.9,3,5196125,3275558
Best-Otsu-Settings,Category-NA,True,30,360p,Traffic1,4,0.1,0.9,4,7708502,6671945
Best-Otsu-Settings,Category-NA,True,30,360p,Traffic2,4,0.1,0.9,4,20680183,12938810
Best-Otsu-Settings,Category-NA,True,30,360p,Traffic3,4,0.1,0.9,4,7806182,3193064
Best-Otsu-Settings,Category-NA,True,30,360p,Traffic4,4,0.1,0.9,4,7204172,2219772
Best-Otsu-Settings,Category-NA,True,30,360p,Traffic5,4,0.1,0.9,4,5196125,3032322
Best-Otsu-Settings,Category-NA,True,30,360p,Traffic1,4,0.1,0.9,5,7708502,6664709
Best-Otsu-Settings,Category-NA,True,30,360p,Traffic2,4,0.1,0.9,5,20680183,13227500
Best-Otsu-Settings,Category-NA,True,30,360p,Traffic3,4,0.1,0.9,5,7806182,3235080
Best-Otsu-Settings,Category-NA,True,30,360p,Traffic4,4,0.1,0.9,5,7204172,2256346
Best-Otsu-Settings,Category-NA,True,30,360p,Traffic5,4,0.1,0.9,5,5196125,3076454
Best-Otsu-Settings,Category-NA,True,30,480p,Traffic1,4,0.1,0.9,3,12242792,11757344
Best-Otsu-Settings,Category-NA,True,30,480p,Traffic2,4,0.1,0.9,3,37820128,28423420
Best-Otsu-Settings,Category-NA,True,30,480p,Traffic3,4,0.1,0.9,3,12558393,6678353
Best-Otsu-Settings,Category-NA,True,30,480p,Traffic4,4,0.1,0.9,3,11127035,4343077
Best-Otsu-Settings,Category-NA,True,30,480p,Traffic5,4,0.1,0.9,3,8120337,5225306
Best-Otsu-Settings,Category-NA,True,30,480p,Traffic1,4,0.1,0.9,4,12242792,10655575
Best-Otsu-Settings,Category-NA,True,30,480p,Traffic2,4,0.1,0.9,4,37820128,23021395
Best-Otsu-Settings,Category-NA,True,30,480p,Traffic3,4,0.1,0.9,4,12558393,5159392
Best-Otsu-Settings,Category-NA,True,30,480p,Traffic4,4,0.1,0.9,4,11127035,3656555
Best-Otsu-Settings,Category-NA,True,30,480p,Traffic5,4,0.1,0.9,4,8120337,4779521
Best-Otsu-Settings,Category-NA,True,30,480p,Traffic1,4,0.1,0.9,5,12242792,10585798
Best-Otsu-Settings,Category-NA,True,30,480p,Traffic2,4,0.1,0.9,5,37820128,23446326
Best-Otsu-Settings,Category-NA,True,30,480p,Traffic3,4,0.1,0.9,5,12558393,5264474
Best-Otsu-Settings,Category-NA,True,30,480p,Traffic4,4,0.1,0.9,5,11127035,3721104
Best-Otsu-Settings,Category-NA,True,30,480p,Traffic5,4,0.1,0.9,5,8120337,4855448
TipTop-Summary-OpenCV,Category-1,False,0,120p,Traffic3,2,0.1,0.9,5,771679,347153
TipTop-Summary-OpenCV,Category-1,False,0,120p,Traffic4,3,0.1,0.7,5,772620,266754
TipTop-Summary-OpenCV,Category-1,False,0,120p,Traffic5,4,0.1,0.9,5,670191,421348
TipTop-Summary-OpenCV,Category-1,False,0,480p,Traffic1,3,0.01,0.9,5,12242792,11393430
TipTop-Summary-OpenCV,Category-1,False,0,480p,Traffic2,4,0.01,0.9,5,37820128,34550310
TipTop-Summary-OpenCV,Category-2,False,0,120p,Traffic5,4,0.1,0.9,5,670191,421348
TipTop-Summary-OpenCV,Category-2,False,0,240p,Traffic5,4,0.1,0.9,5,2681853,1599051
TipTop-Summary-OpenCV,Category-2,False,0,360p,Traffic5,4,0.1,0.9,5,5196125,3272933
TipTop-Summary-OpenCV,Category-1,False,10,120p,Traffic3,2,0.1,0.9,5,771679,464665
TipTop-Summary-OpenCV,Category-1,False,10,120p,Traffic4,3,0.1,0.7,5,772620,350177
TipTop-Summary-OpenCV,Category-1,False,10,120p,Traffic5,4,0.1,0.9,5,670191,490717
TipTop-Summary-OpenCV,Category-1,False,10,480p,Traffic1,3,0.01,0.9,5,12242792,11377466
TipTop-Summary-OpenCV,Category-1,False,10,480p,Traffic2,4,0.01,0.9,5,37820128,31807399
TipTop-Summary-OpenCV,Category-2,False,10,120p,Traffic5,4,0.1,0.9,5,670191,490717
TipTop-Summary-OpenCV,Category-2,False,10,240p,Traffic5,4,0.1,0.9,5,2681853,1892989
TipTop-Summary-OpenCV,Category-2,False,10,360p,Traffic5,4,0.1,0.9,5,5196125,3682549
TipTop-Summary-OpenCV,Category-1,False,20,120p,Traffic3,2,0.1,0.9,5,771679,409765
TipTop-Summary-OpenCV,Category-1,False,20,120p,Traffic4,3,0.1,0.7,5,772620,291996
TipTop-Summary-OpenCV,Category-1,False,20,120p,Traffic5,4,0.1,0.9,5,670191,449415
TipTop-Summary-OpenCV,Category-1,False,20,480p,Traffic1,3,0.01,0.9,5,12242792,11215406
TipTop-Summary-OpenCV,Category-1,False,20,480p,Traffic2,4,0.01,0.9,5,37820128,30942982
TipTop-Summary-OpenCV,Category-2,False,20,120p,Traffic5,4,0.1,0.9,5,670191,449415
TipTop-Summary-OpenCV,Category-2,False,20,240p,Traffic5,4,0.1,0.9,5,2681853,1738338
TipTop-Summary-OpenCV,Category-2,False,20,360p,Traffic5,4,0.1,0.9,5,5196125,3405038
TipTop-Summary-OpenCV,Category-1,False,30,120p,Traffic3,2,0.1,0.9,5,771679,374425
TipTop-Summary-OpenCV,Category-1,False,30,120p,Traffic4,3,0.1,0.7,5,772620,268442
TipTop-Summary-OpenCV,Category-1,False,30,120p,Traffic5,4,0.1,0.9,5,670191,430049
TipTop-Summary-OpenCV,Category-1,False,30,480p,Traffic1,3,0.01,0.9,5,12242792,11130803
TipTop-Summary-OpenCV,Category-1,False,30,480p,Traffic2,4,0.01,0.9,5,37820128,30624171
TipTop-Summary-OpenCV,Category-2,False,30,120p,Traffic5,4,0.1,0.9,5,670191,430049
TipTop-Summary-OpenCV,Category-2,False,30,240p,Traffic5,4,0.1,0.9,5,2681853,1669201
TipTop-Summary-OpenCV,Category-2,False,30,360p,Traffic5,4,0.1,0.9,5,5196125,3282013
TipTop-Summary-OpenCV,Category-1,True,0,120p,Traffic3,2,0.1,0.9,5,771679,341989
TipTop-Summary-OpenCV,Category-1,True,0,120p,Traffic4,3,0.1,0.7,5,772620,236140
TipTop-Summary-OpenCV,Category-1,True,0,120p,Traffic5,4,0.1,0.9,5,670191,364696
TipTop-Summary-OpenCV,Category-1,True,0,480p,Traffic1,3,0.01,0.9,5,12242792,11274141
TipTop-Summary-OpenCV,Category-1,True,0,480p,Traffic2,4,0.01,0.9,5,37820128,33793659
TipTop-Summary-OpenCV,Category-2,True,0,120p,Traffic5,4,0.1,0.9,5,670191,364696
TipTop-Summary-OpenCV,Category-2,True,0,240p,Traffic5,4,0.1,0.9,5,2681853,1366120
TipTop-Summary-OpenCV,Category-2,True,0,360p,Traffic5,4,0.1,0.9,5,5196125,2697063
TipTop-Summary-OpenCV,Category-2,True,0,480p,Traffic5,4,0.1,0.9,5,144997,105919
TipTop-Summary-OpenCV,Category-1,True,10,120p,Traffic3,2,0.1,0.9,5,771679,464369
TipTop-Summary-OpenCV,Category-1,True,10,120p,Traffic4,3,0.1,0.7,5,772620,344975
TipTop-Summary-OpenCV,Category-1,True,10,120p,Traffic5,4,0.1,0.9,5,670191,486873
TipTop-Summary-OpenCV,Category-1,True,10,480p,Traffic1,3,0.01,0.9,5,12242792,11301393
TipTop-Summary-OpenCV,Category-1,True,10,480p,Traffic2,4,0.01,0.9,5,37820128,31297099
TipTop-Summary-OpenCV,Category-2,True,10,120p,Traffic5,4,0.1,0.9,5,670191,486873
TipTop-Summary-OpenCV,Category-2,True,10,240p,Traffic5,4,0.1,0.9,5,2681853,1809580
TipTop-Summary-OpenCV,Category-2,True,10,360p,Traffic5,4,0.1,0.9,5,5196125,3511795
TipTop-Summary-OpenCV,Category-1,True,20,120p,Traffic3,2,0.1,0.9,5,771679,409326
TipTop-Summary-OpenCV,Category-1,True,20,120p,Traffic4,3,0.1,0.7,5,772620,285406
TipTop-Summary-OpenCV,Category-1,True,20,120p,Traffic5,4,0.1,0.9,5,670191,444737
TipTop-Summary-OpenCV,Category-1,True,20,480p,Traffic1,3,0.01,0.9,5,12242792,11124453
TipTop-Summary-OpenCV,Category-1,True,20,480p,Traffic2,4,0.01,0.9,5,37820128,30375123
TipTop-Summary-OpenCV,Category-2,True,20,120p,Traffic5,4,0.1,0.9,5,670191,444737
TipTop-Summary-OpenCV,Category-2,True,20,240p,Traffic5,4,0.1,0.9,5,2681853,1642874
TipTop-Summary-OpenCV,Category-2,True,20,360p,Traffic5,4,0.1,0.9,5,5196125,3213165
TipTop-Summary-OpenCV,Category-1,True,30,120p,Traffic3,2,0.1,0.9,5,771679,374079
TipTop-Summary-OpenCV,Category-1,True,30,120p,Traffic4,3,0.1,0.7,5,772620,260959
TipTop-Summary-OpenCV,Category-1,True,30,120p,Traffic5,4,0.1,0.9,5,670191,424736
TipTop-Summary-OpenCV,Category-1,True,30,480p,Traffic1,3,0.01,0.9,5,12242792,11032621
TipTop-Summary-OpenCV,Category-1,True,30,480p,Traffic2,4,0.01,0.9,5,37820128,30022859
TipTop-Summary-OpenCV,Category-2,True,30,120p,Traffic5,4,0.1,0.9,5,670191,424736
TipTop-Summary-OpenCV,Category-2,True,30,240p,Traffic5,4,0.1,0.9,5,2681853,1567488
TipTop-Summary-OpenCV,Category-2,True,30,360p,Traffic5,4,0.1,0.9,5,5196125,3076454
TipTop-Summary-Otsu,Category-1,False,0,120p,Traffic3,2,0.1,0.9,5,771679,347153
TipTop-Summary-Otsu,Category-1,False,0,120p,Traffic4,2,0.1,0.9,5,772620,242181
TipTop-Summary-Otsu,Category-1,False,0,120p,Traffic5,2,0.1,0.9,5,670191,443897
TipTop-Summary-Otsu,Category-1,False,0,120p,Traffic1,3,0.1,0.9,5,1113249,906023
TipTop-Summary-Otsu,Category-1,False,0,120p,Traffic2,3,0.1,0.9,5,2314079,1545071
TipTop-Summary-Otsu,Category-2,False,0,120p,Traffic3,2,0.1,0.9,5,771679,347153
TipTop-Summary-Otsu,Category-2,False,0,240p,Traffic1,4,0.1,0.9,5,4026900,4024891
TipTop-Summary-Otsu,Category-2,False,0,360p,Traffic1,4,0.1,0.9,5,7708502,8114429
TipTop-Summary-Otsu,Category-2,False,0,480p,Traffic1,4,0.1,0.9,5,12242792,12902734
TipTop-Summary-Otsu,Category-3,False,0,120p,Traffic3,2,0.1,0.9,4,771679,346009
TipTop-Summary-Otsu,Category-3,False,0,120p,Traffic3,2,0.1,0.9,5,771679,347153
TipTop-Summary-Otsu,Category-3,False,0,480p,Traffic5,4,0.1,0.9,3,8120337,7324417
TipTop-Summary-Otsu,Category-4,False,0,120p,Traffic3,2,0.1,0.9,5,771679,347153
TipTop-Summary-Otsu,Category-1,False,10,120p,Traffic3,2,0.1,0.9,5,771679,464665
TipTop-Summary-Otsu,Category-1,False,10,120p,Traffic4,2,0.1,0.9,5,772620,345540
TipTop-Summary-Otsu,Category-1,False,10,120p,Traffic5,2,0.1,0.9,5,670191,497174
TipTop-Summary-Otsu,Category-1,False,10,120p,Traffic1,3,0.1,0.9,5,1113249,907877
TipTop-Summary-Otsu,Category-1,False,10,120p,Traffic2,3,0.1,0.9,5,2314079,1530454
TipTop-Summary-Otsu,Category-2,False,10,120p,Traffic3,2,0.1,0.9,5,771679,464665
TipTop-Summary-Otsu,Category-2,False,10,240p,Traffic1,4,0.1,0.9,5,4026900,3706496
TipTop-Summary-Otsu,Category-2,False,10,360p,Traffic1,4,0.1,0.9,5,7708502,7220208
TipTop-Summary-Otsu,Category-2,False,10,480p,Traffic1,4,0.1,0.9,5,12242792,11383594
TipTop-Summary-Otsu,Category-3,False,10,120p,Traffic3,2,0.1,0.9,4,771679,464606
TipTop-Summary-Otsu,Category-3,False,10,120p,Traffic3,2,0.1,0.9,5,771679,464665
TipTop-Summary-Otsu,Category-3,False,10,480p,Traffic5,4,0.1,0.9,3,8120337,6485953
TipTop-Summary-Otsu,Category-4,False,10,120p,Traffic3,2,0.1,0.9,5,771679,464665
TipTop-Summary-Otsu,Category-1,False,20,120p,Traffic3,2,0.1,0.9,5,771679,409765
TipTop-Summary-Otsu,Category-1,False,20,120p,Traffic4,2,0.1,0.9,5,772620,286523
TipTop-Summary-Otsu,Category-1,False,20,120p,Traffic5,2,0.1,0.9,5,670191,457309
TipTop-Summary-Otsu,Category-1,False,20,120p,Traffic1,3,0.1,0.9,5,1113249,863665
TipTop-Summary-Otsu,Category-1,False,20,120p,Traffic2,3,0.1,0.9,5,2314079,1407783
TipTop-Summary-Otsu,Category-2,False,20,120p,Traffic3,2,0.1,0.9,5,771679,409765
TipTop-Summary-Otsu,Category-2,False,20,240p,Traffic1,4,0.1,0.9,5,4026900,3600315
TipTop-Summary-Otsu,Category-2,False,20,360p,Traffic1,4,0.1,0.9,5,7708502,7047158
TipTop-Summary-Otsu,Category-2,False,20,480p,Traffic1,4,0.1,0.9,5,12242792,11127986
TipTop-Summary-Otsu,Category-3,False,20,120p,Traffic3,2,0.1,0.9,4,771679,409736
TipTop-Summary-Otsu,Category-3,False,20,120p,Traffic3,2,0.1,0.9,5,771679,409765
TipTop-Summary-Otsu,Category-3,False,20,480p,Traffic5,4,0.1,0.9,3,8120337,6193838
TipTop-Summary-Otsu,Category-4,False,20,120p,Traffic3,2,0.1,0.9,5,771679,409765
TipTop-Summary-Otsu,Category-1,False,30,120p,Traffic3,2,0.1,0.9,5,771679,374425
TipTop-Summary-Otsu,Category-1,False,30,120p,Traffic4,2,0.1,0.9,5,772620,262319
TipTop-Summary-Otsu,Category-1,False,30,120p,Traffic5,2,0.1,0.9,5,670191,438075
TipTop-Summary-Otsu,Category-1,False,30,120p,Traffic1,3,0.1,0.9,5,1113249,842085
TipTop-Summary-Otsu,Category-1,False,30,120p,Traffic2,3,0.1,0.9,5,2314079,1355198
TipTop-Summary-Otsu,Category-2,False,30,120p,Traffic3,2,0.1,0.9,5,771679,374425
TipTop-Summary-Otsu,Category-2,False,30,240p,Traffic1,4,0.1,0.9,5,4026900,3543537
TipTop-Summary-Otsu,Category-2,False,30,360p,Traffic1,4,0.1,0.9,5,7708502,6976966
TipTop-Summary-Otsu,Category-2,False,30,480p,Traffic1,4,0.1,0.9,5,12242792,11021374
TipTop-Summary-Otsu,Category-3,False,30,120p,Traffic3,2,0.1,0.9,4,771679,374346
TipTop-Summary-Otsu,Category-3,False,30,120p,Traffic3,2,0.1,0.9,5,771679,374425
TipTop-Summary-Otsu,Category-3,False,30,480p,Traffic5,4,0.1,0.9,3,8120337,6056967
TipTop-Summary-Otsu,Category-4,False,30,120p,Traffic3,2,0.1,0.9,5,771679,374425
TipTop-Summary-Otsu,Category-1,True,0,120p,Traffic3,2,0.1,0.9,5,771679,341989
TipTop-Summary-Otsu,Category-1,True,0,120p,Traffic4,2,0.1,0.9,5,772620,236140
TipTop-Summary-Otsu,Category-1,True,0,120p,Traffic5,2,0.1,0.9,5,670191,387163
TipTop-Summary-Otsu,Category-1,True,0,120p,Traffic1,3,0.1,0.9,5,1113249,786420
TipTop-Summary-Otsu,Category-1,True,0,120p,Traffic2,3,0.1,0.9,5,2314079,1323892
TipTop-Summary-Otsu,Category-2,True,0,120p,Traffic3,2,0.1,0.9,5,771679,341989
TipTop-Summary-Otsu,Category-2,True,0,240p,Traffic1,4,0.1,0.9,5,4026900,3756618
TipTop-Summary-Otsu,Category-2,True,0,360p,Traffic1,4,0.1,0.9,5,7708502,7630899
TipTop-Summary-Otsu,Category-2,True,0,480p,Traffic1,4,0.1,0.9,5,12242792,12230618
TipTop-Summary-Otsu,Category-3,True,0,120p,Traffic3,2,0.1,0.9,4,771679,341989
TipTop-Summary-Otsu,Category-3,True,0,120p,Traffic3,2,0.1,0.9,5,771679,341989
TipTop-Summary-Otsu,Category-3,True,0,480p,Traffic5,4,0.1,0.9,3,8120337,5542184
TipTop-Summary-Otsu,Category-4,True,0,120p,Traffic3,2,0.1,0.9,5,771679,341989
TipTop-Summary-Otsu,Category-1,True,10,120p,Traffic3,2,0.1,0.9,5,771679,464369
TipTop-Summary-Otsu,Category-1,True,10,120p,Traffic4,2,0.1,0.9,5,772620,344975
TipTop-Summary-Otsu,Category-1,True,10,120p,Traffic5,2,0.1,0.9,5,670191,486945
TipTop-Summary-Otsu,Category-1,True,10,120p,Traffic1,3,0.1,0.9,5,1113249,796516
TipTop-Summary-Otsu,Category-1,True,10,120p,Traffic2,3,0.1,0.9,5,2314079,1421627
TipTop-Summary-Otsu,Category-2,True,10,120p,Traffic3,2,0.1,0.9,5,771679,464369
TipTop-Summary-Otsu,Category-2,True,10,240p,Traffic1,4,0.1,0.9,5,4026900,3528029
TipTop-Summary-Otsu,Category-2,True,10,360p,Traffic1,4,0.1,0.9,5,7708502,6954665
TipTop-Summary-Otsu,Category-2,True,10,480p,Traffic1,4,0.1,0.9,5,12242792,11011228
TipTop-Summary-Otsu,Category-3,True,10,120p,Traffic3,2,0.1,0.9,4,771679,464369
TipTop-Summary-Otsu,Category-3,True,10,120p,Traffic3,2,0.1,0.9,5,771679,464369
TipTop-Summary-Otsu,Category-3,True,10,480p,Traffic5,4,0.1,0.9,3,8120337,5808193
TipTop-Summary-Otsu,Category-4,True,10,120p,Traffic3,2,0.1,0.9,5,771679,464369
TipTop-Summary-Otsu,Category-1,True,20,120p,Traffic3,2,0.1,0.9,5,771679,409326
TipTop-Summary-Otsu,Category-1,True,20,120p,Traffic4,2,0.1,0.9,5,772620,285406
TipTop-Summary-Otsu,Category-1,True,20,120p,Traffic5,2,0.1,0.9,5,670191,444986
TipTop-Summary-Otsu,Category-1,True,20,120p,Traffic1,3,0.1,0.9,5,1113249,738142
TipTop-Summary-Otsu,Category-1,True,20,120p,Traffic2,3,0.1,0.9,5,2314079,1282259
TipTop-Summary-Otsu,Category-2,True,20,120p,Traffic3,2,0.1,0.9,5,771679,409326
TipTop-Summary-Otsu,Category-2,True,20,240p,Traffic1,4,0.1,0.9,5,4026900,3400767
TipTop-Summary-Otsu,Category-2,True,20,360p,Traffic1,4,0.1,0.9,5,7708502,6747622
TipTop-Summary-Otsu,Category-2,True,20,480p,Traffic1,4,0.1,0.9,5,12242792,10711610
TipTop-Summary-Otsu,Category-3,True,20,120p,Traffic3,2,0.1,0.9,4,771679,409326
TipTop-Summary-Otsu,Category-3,True,20,120p,Traffic3,2,0.1,0.9,5,771679,409326
TipTop-Summary-Otsu,Category-3,True,20,480p,Traffic5,4,0.1,0.9,3,8120337,5410739
TipTop-Summary-Otsu,Category-4,True,20,120p,Traffic3,2,0.1,0.9,5,771679,409326
TipTop-Summary-Otsu,Category-1,True,30,120p,Traffic3,2,0.1,0.9,5,771679,374079
TipTop-Summary-Otsu,Category-1,True,30,120p,Traffic4,2,0.1,0.9,5,772620,260959
TipTop-Summary-Otsu,Category-1,True,30,120p,Traffic5,2,0.1,0.9,5,670191,424931
TipTop-Summary-Otsu,Category-1,True,30,120p,Traffic1,3,0.1,0.9,5,1113249,711962
TipTop-Summary-Otsu,Category-1,True,30,120p,Traffic2,3,0.1,0.9,5,2314079,1222116
TipTop-Summary-Otsu,Category-2,True,30,120p,Traffic3,2,0.1,0.9,5,771679,374079
TipTop-Summary-Otsu,Category-2,True,30,240p,Traffic1,4,0.1,0.9,5,4026900,3333839
TipTop-Summary-Otsu,Category-2,True,30,360p,Traffic1,4,0.1,0.9,5,7708502,6664709
TipTop-Summary-Otsu,Category-2,True,30,480p,Traffic1,4,0.1,0.9,5,12242792,10585798
TipTop-Summary-Otsu,Category-3,True,30,120p,Traffic3,2,0.1,0.9,4,771679,374079
TipTop-Summary-Otsu,Category-3,True,30,120p,Traffic3,2,0.1,0.9,5,771679,374079
TipTop-Summary-Otsu,Category-3,True,30,480p,Traffic5,4,0.1,0.9,3,8120337,5225306
TipTop-Summary-Otsu,Category-4,True,30,120p,Traffic3,2,0.1,0.9,5,771679,374079
